Mark.Center_Seminary.Rd,Janneys.Ln_Seminary.Rd,Janneys.Ln_King.St.Metro,Braddock.Metro_Russell.Rd,Glebe.Rd_Russell.Rd,Glebe.Rd_Pentagon.Metro,Braddock.Metro_Cameron.Mills.Dr,Cameron.Mills.Dr_Parkfairfax,Parkfairfax_Pentagon.Metro,Van.Dorn.Metro_Whiting.St,Duke.St_Whiting.St,Duke.St_King.St.Metro,King.St.Metro_Old.Town.Circulator,Braddock.Metro_Old.Town.Circulator,King.St.Metro_NVCC,Landmark_Van.Dorn.Metro,Eisenhower_Van.Dorn.Metro,Eisenhower_King.St.Metro,Commonwealth.Ave_King.St.Metro,Commonwealth.Ave_Mt.Vernon.Ave,Mt.Vernon.Ave_Potomac.Yard.Ctr,Lee.Center_Potomac.Yard.Ctr,Van.Dorn.Metro_Yoakum.Pkwy,Beauregard.St_Yoakum.Pkwy,Beauregard.St_Pentagon.Metro,Mark.Center_Menokin.Dr,Menokin.Dr_Shirlington,Glebe.Rd_Shirlington,Glebe.Rd_Potomac.Yd.Ctr,Mark.Center_Park.Place,Park.Place_Shirlington,Temperature,Bus.Size,Y
0,0,0,0,0,0,0,0,0,0,0,0,0,0,0,0,0,0,0,0,0,0,7,7,7,0,0,0,0,0,0,-1,1,412.8
0,0,0,0,0,0,0,0,0,0,0,0,0,0,0,0,0,0,0,0,0,0,5,5,5,0,0,0,0,0,0,-1,1,331.4
0,0,0,0,0,0,0,0,0,0,0,0,0,0,0,0,0,0,0,0,0,0,4,4,4,0,0,0,0,0,0,-1,1,337.5
0,0,0,0,0,0,0,0,0,1,1,1,5,5,4,3,3,3,0,0,0,0,0,0,0,0,0,0,0,0,0,-1,-1,212.496
0,0,0,0,0,0,0,0,0,1,1,1,3,3,2,2,2,2,0,0,0,0,0,0,0,0,0,0,0,0,0,-1,-1,141.664
0,0,0,0,0,0,0,0,0,0,0,0,0,0,0,0,0,0,0,0,0,0,5,5,5,0,0,0,0,0,0,-1,1,336.2
0,0,0,0,0,0,0,0,0,0,0,0,0,0,0,0,0,0,0,0,0,0,6,6,6,0,0,0,0,0,0,-1,1,341.8
0,0,0,0,0,0,0,0,0,1,1,1,3,3,2,0,0,0,0,0,0,0,0,0,0,0,0,0,0,0,0,-1,-1,95.064
0,0,0,0,0,0,0,0,0,3,3,3,5,5,2,3,3,3,0,0,0,0,0,0,0,0,0,0,0,0,0,-1,-1,296.376
0,0,0,0,0,0,0,0,0,0,0,0,0,0,0,0,0,0,0,0,0,0,5,5,5,0,0,0,0,0,0,-1,1,407.5
0,0,0,0,0,0,0,0,0,0,0,0,0,0,0,0,0,0,0,0,0,0,5,5,5,0,0,0,0,0,0,-1,1,276.9
0,0,0,0,0,0,0,0,0,1,1,1,7,7,6,0,0,0,0,0,0,0,1,1,1,0,0,0,0,0,0,-1,1,245.6
0,0,0,0,0,0,0,0,0,3,3,3,9,9,6,0,0,0,0,0,0,0,0,0,0,0,0,0,0,0,0,-1,-1,322.472
0,0,0,0,0,0,0,0,0,0,0,0,0,0,0,0,0,0,2,2,2,1,0,0,0,0,0,2,2,2,2,-1,-1,126.752
0,0,0,0,0,0,0,0,0,3,3,3,7,7,4,0,0,0,0,0,0,0,0,0,0,0,0,0,0,0,0,-1,1,332.3
0,0,0,0,0,0,0,0,0,1,1,1,2,2,1,2,2,2,0,0,0,0,6,6,6,0,0,0,0,0,0,-1,1,533.1
0,0,0,0,0,0,0,0,0,0,0,0,0,0,0,0,0,0,0,0,0,0,5,5,5,0,0,0,0,0,0,-1,1,353
0,0,0,0,0,0,0,0,0,0,0,0,0,0,0,0,0,0,0,0,0,0,6,6,6,0,0,0,0,0,0,-1,-1,225.544
0,0,0,0,0,0,0,0,0,2,2,2,4,4,2,0,0,0,0,0,0,0,0,0,0,0,0,0,0,0,0,-1,1,150.1
0,0,0,0,0,0,0,0,0,0,0,0,0,0,0,0,0,0,0,0,0,0,5,5,5,0,0,0,0,0,0,-1,1,338
0,0,0,0,0,0,0,0,0,3,3,3,6,6,3,2,2,2,0,0,0,0,2,2,2,0,0,0,0,0,0,-1,-1,240.456
0,0,0,1,1,1,0,0,0,0,0,0,0,0,0,0,0,0,0,0,0,0,4,4,4,0,0,0,0,0,0,1,1,328.2
0,0,0,0,0,0,0,0,0,1,1,1,3,3,2,0,0,0,0,0,0,0,7,7,7,0,0,0,0,0,0,-1,1,525.9
0,0,0,0,0,0,0,0,0,0,0,0,3,3,3,0,0,0,0,0,0,0,0,0,0,0,0,0,0,0,0,-1,1,145.5
0,0,0,0,0,0,2,2,2,2,2,2,3,3,1,0,0,0,3,3,3,2,0,0,0,0,0,0,0,0,0,-1,-1,318.744
0,0,0,0,0,0,0,0,0,0,0,0,3,3,3,0,0,0,0,0,0,0,6,6,6,0,0,0,0,0,0,-1,1,543.8
0,0,0,0,0,0,0,0,0,0,0,0,0,0,0,0,0,0,0,0,0,0,5,5,5,0,0,0,0,0,0,-1,1,297.4
0,0,0,0,0,0,0,0,0,2,2,2,3,3,1,0,0,0,0,0,0,0,0,0,0,0,0,0,0,0,0,-1,-1,244.184
0,0,0,0,0,0,0,0,0,3,3,3,3,3,0,6,6,6,0,0,0,0,0,0,0,0,0,0,0,0,0,-1,-1,210.632
0,0,0,0,0,0,0,0,0,0,0,0,0,0,0,0,0,0,0,0,0,0,6,6,6,0,0,0,0,0,0,-1,1,347.2
0,0,0,0,0,0,0,0,0,2,2,2,4,4,2,0,0,0,0,0,0,0,0,0,0,0,0,0,0,0,0,-1,1,194.7
0,0,0,4,4,4,0,0,0,3,3,3,8,8,5,0,0,0,0,0,0,0,0,0,0,0,0,0,0,0,0,-1,-1,363.48
0,0,0,0,0,0,0,0,0,1,1,1,1,1,0,3,3,3,0,0,0,0,0,0,0,0,0,0,0,0,0,-1,-1,339.248
0,0,0,0,0,0,0,0,0,0,0,0,0,0,0,0,0,0,0,0,0,0,6,6,6,0,0,0,0,0,0,-1,1,228.7
0,0,0,0,0,0,0,0,0,0,0,0,0,0,0,0,0,0,0,0,0,0,5,5,5,0,0,0,0,0,0,-1,1,261.4
0,0,0,0,0,0,0,0,0,3,3,3,6,6,3,0,0,0,0,0,0,0,1,1,1,0,0,0,0,0,0,-1,1,140.4
0,0,0,0,0,0,0,0,0,3,3,3,6,6,3,0,0,0,0,0,0,0,1,1,1,0,0,0,0,0,0,-1,1,354.8
0,0,0,0,0,0,0,0,0,5,5,5,6,6,1,0,0,0,0,0,0,0,0,0,0,0,0,0,0,0,0,-1,-1,253.504
0,0,0,0,0,0,0,0,0,0,0,0,3,3,3,0,0,0,0,0,0,0,6,6,6,0,0,0,0,0,0,-1,-1,439.904
0,0,0,0,0,0,0,0,0,0,0,0,0,0,0,0,0,0,0,0,0,0,5,5,5,0,0,0,0,0,0,-1,1,358.9
0,0,0,0,0,0,0,0,0,2,2,2,4,4,2,0,0,0,0,0,0,0,5,5,5,0,0,0,0,0,0,-1,1,585.3
0,0,0,2,2,2,0,0,0,3,3,3,5,5,2,0,0,0,0,0,0,0,0,0,0,3,3,3,3,0,0,-1,-1,410.08
0,0,0,0,0,0,0,0,0,2,2,2,4,4,2,0,0,0,0,0,0,1,0,0,0,0,0,0,0,0,0,-1,-1,191.992
0,0,0,0,0,0,0,0,0,0,0,0,0,0,0,0,0,0,0,0,0,0,5,5,5,0,0,0,0,0,0,-1,1,395
0,0,0,0,0,0,0,0,0,3,3,3,5,5,2,0,0,0,0,0,0,0,4,4,4,0,0,0,0,0,0,-1,1,438.1
0,0,0,0,0,0,0,0,0,0,0,0,0,0,0,0,0,0,0,0,0,0,5,5,5,0,0,0,0,0,0,-1,1,347.5
0,0,0,0,0,0,0,0,0,0,0,0,0,0,0,0,0,0,0,0,0,0,5,5,5,0,0,0,0,0,0,-1,-1,287.056
0,0,0,0,0,0,0,0,0,2,2,2,4,4,2,0,0,0,0,0,0,0,3,3,3,0,0,0,0,0,0,-1,-1,385.848
0,0,0,0,0,0,0,0,0,0,0,0,0,0,0,0,0,0,0,0,0,0,4,4,4,0,0,0,0,0,0,-1,1,331.5
0,0,0,0,0,0,0,0,0,0,0,0,0,0,0,0,0,0,0,0,0,0,3,3,3,0,0,0,0,0,0,-1,1,297.4
0,0,0,0,0,0,0,0,0,0,0,0,0,0,0,0,0,0,0,0,0,0,4,4,4,0,0,0,0,0,0,-1,1,304.2
0,0,0,0,0,0,0,0,0,0,0,0,0,0,0,0,0,0,2,2,2,1,4,4,4,0,0,0,0,0,0,-1,-1,309.424
0,0,0,0,0,0,0,0,0,1,1,1,2,2,1,0,0,0,0,0,0,0,0,0,0,0,0,0,0,0,0,-1,-1,214.36
0,0,0,0,0,0,0,0,0,1,1,1,3,3,2,0,0,0,0,0,0,0,1,1,1,0,0,0,0,0,0,-1,1,194
0,0,0,0,0,0,0,0,0,0,0,0,2,2,2,0,0,0,0,0,0,0,0,0,0,0,0,0,0,0,0,-1,1,124.9
0,0,0,0,0,0,0,0,0,0,0,0,5,5,5,0,0,0,0,0,0,0,4,4,4,0,0,0,0,0,0,-1,1,510
0,0,0,0,0,0,0,0,0,3,3,3,5,5,2,0,0,0,0,0,0,0,7,7,7,0,0,0,0,0,0,-1,-1,449.224
0,0,0,0,0,0,0,0,0,7,7,7,11,11,4,0,0,0,0,0,0,0,0,0,0,0,0,0,0,0,0,-1,-1,389.576
0,0,0,0,0,0,0,0,0,1,1,1,5,5,4,0,0,0,0,0,0,0,0,0,0,0,0,0,0,0,0,-1,1,217.6
0,0,0,0,0,0,0,0,0,0,0,0,4,4,4,0,0,0,0,0,0,0,2,2,2,0,0,0,0,0,0,-1,-1,270.28
0,0,0,0,0,0,0,0,0,3,3,3,5,5,2,0,0,0,2,2,2,1,0,0,0,0,0,2,2,2,2,-1,-1,294.512
0,0,0,0,0,0,0,0,0,0,0,0,0,0,0,0,0,0,0,0,0,0,5,5,5,0,0,0,0,0,0,-1,1,354.2
0,0,0,0,0,0,0,0,0,0,0,0,0,0,0,0,0,0,0,0,0,0,5,5,5,0,0,0,0,0,0,-1,1,330.2
0,0,0,0,0,0,0,0,0,0,0,0,0,0,0,0,0,0,0,0,0,0,5,5,5,0,0,0,0,0,0,-1,1,299.7
0,0,0,7,7,7,0,0,0,3,3,3,4,4,1,3,3,3,0,0,0,0,0,0,0,0,0,0,0,0,0,-1,-1,279.6
0,0,0,0,0,0,2,2,2,2,2,2,6,6,4,0,0,0,0,0,0,0,0,0,0,0,0,0,0,0,0,-1,-1,180.808
0,0,0,0,0,0,0,0,0,5,5,5,8,8,3,0,0,0,0,0,0,0,0,0,0,0,0,0,0,0,0,-1,1,300.6
0,0,0,0,0,0,0,0,0,0,0,0,0,0,0,0,0,0,0,0,0,0,6,6,6,0,0,0,0,0,0,-1,1,349.8
0,0,0,0,0,0,0,0,0,1,1,1,7,7,6,0,0,0,0,0,0,0,6,6,6,0,0,0,0,0,0,-1,1,535.2
0,0,0,4,4,4,0,0,0,3,3,3,8,8,5,0,0,0,0,0,0,0,0,0,0,0,0,0,0,0,0,1,-1,247.912
0,0,0,0,0,0,0,0,0,0,0,0,7,7,7,0,0,0,0,0,0,0,0,0,0,0,0,0,0,0,0,1,-1,180.808
0,0,0,0,0,0,0,0,0,1,1,1,7,7,6,0,0,0,0,0,0,0,6,6,6,0,0,0,0,0,0,1,1,403.2
0,0,0,0,0,0,0,0,0,0,0,0,0,0,0,0,0,0,0,0,0,0,5,5,5,0,0,0,0,0,0,1,1,302.4
0,0,0,0,0,0,0,0,0,0,0,0,0,0,0,0,0,0,0,0,0,0,2,2,2,0,0,0,0,0,0,1,1,186
0,0,0,0,0,0,0,0,0,2,2,2,10,10,8,0,0,0,0,0,0,0,0,0,0,0,0,0,0,0,0,1,-1,231.136
0,0,0,2,2,2,0,0,0,0,0,0,2,2,2,0,0,0,0,0,0,0,5,5,5,1,1,1,1,0,0,1,-1,259.096
0,0,0,0,0,0,0,0,0,1,1,1,3,3,2,0,0,0,0,0,0,0,6,6,6,3,3,3,3,0,0,1,1,317.2
0,0,0,0,0,0,0,0,0,0,0,0,0,0,0,0,0,0,0,0,0,0,5,5,5,0,0,0,0,0,0,1,1,216.9
0,0,0,0,0,0,0,0,0,4,4,4,7,7,3,0,0,0,0,0,0,0,1,1,1,0,0,0,0,0,0,1,1,217.2
0,0,0,0,0,0,0,0,0,0,0,0,2,2,2,0,0,0,0,0,0,1,5,5,5,2,2,2,2,0,0,-1,-1,503.28
0,0,0,0,0,0,0,0,0,0,0,0,0,0,0,0,0,0,0,0,0,0,5,5,5,0,0,0,0,0,0,-1,-1,233
0,0,0,0,0,0,0,0,0,1,1,1,7,7,6,0,0,0,0,0,0,0,6,6,6,0,0,0,0,0,0,-1,1,591.4
0,0,0,0,0,0,0,0,0,0,0,0,0,0,0,0,0,0,0,0,0,0,5,5,5,0,0,0,0,0,0,-1,1,331.1
0,0,0,0,0,0,0,0,0,0,0,0,0,0,0,0,0,0,0,0,0,0,5,5,5,0,0,0,0,0,0,-1,1,330.6
0,0,0,4,4,4,0,0,0,5,5,5,8,8,3,0,0,0,0,0,0,0,0,0,0,0,0,0,0,0,0,-1,-1,309.424
0,0,0,0,0,0,0,0,0,2,2,2,4,4,2,0,0,0,2,2,2,1,3,3,3,0,0,5,5,5,5,-1,-1,395.168
0,0,0,0,0,0,0,0,0,0,0,0,0,0,0,0,0,0,0,0,0,0,5,5,5,0,0,0,0,0,0,-1,1,347.2
0,0,0,0,0,0,0,0,0,1,1,1,7,7,6,0,0,0,0,0,0,0,6,6,6,0,0,0,0,0,0,-1,1,587.3
0,0,0,0,0,0,0,0,0,3,3,3,5,5,2,0,0,0,0,0,0,0,7,7,7,0,0,0,0,0,0,-1,1,561.1
0,0,0,0,0,0,0,0,0,3,3,3,7,7,4,3,3,3,0,0,0,0,0,0,0,0,0,0,0,0,0,-1,-1,253.504
0,0,0,0,0,0,0,0,0,5,5,5,8,8,3,0,0,0,0,0,0,0,0,0,0,0,0,0,0,0,0,-1,-1,322.472
0,0,0,0,0,0,0,0,0,0,0,0,0,0,0,0,0,0,0,0,0,0,8,8,8,0,0,0,0,0,0,-1,1,421.5
0,0,0,0,0,0,0,0,0,1,1,1,8,8,7,0,0,0,0,0,0,0,0,0,0,0,0,0,0,0,0,-1,1,409.2
0,0,0,0,0,0,0,0,0,3,3,3,5,5,2,0,0,0,0,0,0,0,5,5,5,0,0,0,0,0,0,-1,1,547.6
0,0,0,4,4,4,0,0,0,5,5,5,8,8,3,0,0,0,0,0,0,0,0,0,0,0,0,0,0,0,0,-1,-1,288.92
0,0,0,0,0,0,0,0,0,0,0,0,0,0,0,0,0,0,0,0,0,0,5,5,5,0,0,0,0,0,0,-1,-1,259.096
0,0,0,0,0,0,0,0,0,0,0,0,0,0,0,0,0,0,0,0,0,0,6,6,6,0,0,0,0,0,0,-1,1,337.1
0,0,0,0,0,0,0,0,0,1,1,1,7,7,6,0,0,0,0,0,0,0,6,6,6,0,0,0,0,0,0,-1,1,480.4
0,0,0,0,0,0,0,0,0,0,0,0,0,0,0,0,0,0,0,0,0,0,5,5,5,0,0,0,0,0,0,-1,1,382
0,0,0,0,0,0,0,0,0,1,1,1,1,1,0,3,3,3,0,0,0,0,2,2,2,0,0,0,0,0,0,-1,-1,203.176
0,0,0,0,0,0,0,0,0,1,1,1,2,2,1,0,0,0,2,2,2,3,0,0,0,0,0,2,2,2,2,-1,-1,244.184
0,0,0,0,0,0,0,0,0,0,0,0,0,0,0,0,0,0,0,0,0,0,5,5,5,0,0,0,0,0,0,-1,1,297.4
0,0,0,0,0,0,0,0,0,0,0,0,5,5,5,2,2,2,0,0,0,0,0,0,0,0,0,0,0,0,0,-1,1,280.3
0,0,0,0,0,0,0,0,0,0,0,0,0,0,0,0,0,0,0,0,0,0,5,5,5,0,0,0,0,0,0,-1,1,290.3
0,0,0,0,0,0,0,0,0,0,0,0,2,2,2,0,0,0,0,0,0,0,5,5,5,0,0,0,0,0,0,-1,-1,305.696
0,0,0,0,0,0,1,1,1,2,2,2,6,6,4,0,0,0,0,0,0,0,5,5,5,0,0,0,0,0,0,-1,-1,447.36
0,0,0,0,0,0,0,0,0,1,1,1,7,7,6,0,0,0,0,0,0,0,6,6,6,0,0,0,0,0,0,-1,1,592.5
0,0,0,0,0,0,0,0,0,0,0,0,0,0,0,0,0,0,0,0,0,0,6,6,6,0,0,0,0,0,0,-1,1,289.3
0,0,0,0,0,0,0,0,0,2,2,2,4,4,2,0,0,0,0,0,0,0,0,0,0,0,0,0,0,0,0,-1,1,156.9
0,0,0,0,0,0,0,0,0,0,0,0,0,0,0,0,0,0,0,0,0,0,5,5,5,0,0,0,0,0,0,-1,1,364.6
0,0,0,0,0,0,0,0,0,0,0,0,0,0,0,0,0,0,0,0,0,0,5,5,5,0,0,0,0,0,0,-1,1,294.7
0,0,0,0,0,0,0,0,0,3,3,3,8,8,5,0,0,0,0,0,0,0,2,2,2,0,0,0,0,0,0,-1,1,439
0,0,0,7,7,7,0,0,0,4,4,4,6,6,2,0,0,0,0,0,0,0,0,0,0,0,0,0,0,0,0,-1,-1,309.424
0,0,0,0,0,0,0,0,0,0,0,0,0,0,0,0,0,0,0,0,0,0,4,4,4,0,0,0,0,0,0,-1,-1,223.68
0,0,0,0,0,0,0,0,0,0,0,0,0,0,0,0,0,0,0,0,0,0,5,5,5,0,0,0,0,0,0,-1,1,305.9
0,0,0,0,0,0,0,0,0,0,0,0,0,0,0,0,0,0,0,0,0,0,5,5,5,0,0,0,0,0,0,-1,1,335.5
0,0,0,0,0,0,0,0,0,0,0,0,0,0,0,0,0,0,0,0,0,0,5,5,5,0,0,0,0,0,0,-1,1,358.8
0,0,0,0,0,0,0,0,0,2,2,2,4,4,2,0,0,0,0,0,0,0,0,0,0,0,0,0,0,0,0,-1,-1,257.232
0,0,0,0,0,0,0,0,0,0,0,0,3,3,3,0,0,0,0,0,0,0,3,3,3,0,0,0,0,0,0,-1,-1,432.448
0,0,0,0,0,0,0,0,0,0,0,0,0,0,0,0,0,0,0,0,0,0,5,5,5,0,0,0,0,0,0,-1,1,312
0,0,0,0,0,0,0,0,0,1,1,1,7,7,6,0,0,0,0,0,0,0,6,6,6,0,0,0,0,0,0,-1,1,485.3
0,0,0,0,0,0,0,0,0,0,0,0,0,0,0,0,0,0,0,0,0,0,5,5,5,0,0,0,0,0,0,-1,1,331.6
0,0,0,0,0,0,0,0,0,0,0,0,0,0,0,0,0,0,0,0,0,0,6,6,6,0,0,0,0,0,0,1,-1,205.04
0,0,0,0,0,0,4,4,4,0,0,0,0,0,0,1,1,1,2,2,2,2,0,0,0,0,0,2,2,2,2,1,-1,188.264
0,0,0,0,0,0,0,0,0,0,0,0,0,0,0,0,0,0,0,0,0,0,5,5,5,0,0,0,0,0,0,-1,1,310.9
0,0,0,0,0,0,0,0,0,0,0,0,0,0,0,0,0,0,0,0,0,0,5,5,5,0,0,0,0,0,0,-1,1,391.1
0,0,0,0,0,0,0,0,0,0,0,0,0,0,0,0,0,0,0,0,0,0,4,4,4,0,0,0,0,0,0,-1,1,247
0,0,0,0,0,0,0,0,0,1,1,1,6,6,5,5,5,5,0,0,0,0,0,0,0,0,0,0,0,0,0,-1,-1,244.184
0,0,0,4,4,4,0,0,0,5,5,5,8,8,3,0,0,0,0,0,0,0,0,0,0,0,0,0,0,0,0,-1,-1,309.424
0,0,0,0,0,0,0,0,0,2,2,2,4,4,2,0,0,0,0,0,0,0,8,8,8,0,0,0,0,0,0,-1,1,529.1
0,0,0,0,0,0,0,0,0,0,0,0,0,0,0,0,0,0,0,0,0,0,5,5,5,0,0,0,0,0,0,-1,1,298.4
0,0,0,0,0,0,0,0,0,0,0,0,0,0,0,0,0,0,0,0,0,0,5,5,5,0,0,0,0,0,0,-1,1,305.2
0,0,0,2,2,2,0,0,0,1,1,1,3,3,2,0,0,0,0,0,0,0,5,5,5,2,2,2,2,0,0,-1,-1,460.408
0,0,0,0,0,0,4,4,4,2,2,2,3,3,1,0,0,0,2,2,2,1,0,0,0,0,0,1,1,1,1,-1,-1,318.744
0,0,0,0,0,0,0,0,0,0,0,0,0,0,0,0,0,0,0,0,0,0,4,4,4,0,0,0,0,0,0,-1,1,446.2
0,0,0,0,0,0,0,0,0,0,0,0,6,6,6,0,0,0,0,0,0,0,5,5,5,0,0,0,0,0,0,-1,1,561.9
0,0,0,0,0,0,0,0,0,2,2,2,4,4,2,0,0,0,0,0,0,0,8,8,8,0,0,0,0,0,0,-1,1,642.8
0,0,0,0,0,0,0,0,0,3,3,3,5,5,2,0,0,0,0,0,0,0,7,7,7,0,0,0,0,0,0,-1,1,620.3
0,0,0,0,0,0,0,0,0,0,0,0,0,0,0,0,0,0,0,0,0,0,5,5,5,0,0,0,0,0,0,-1,1,311.5
0,0,0,0,0,0,0,0,0,0,0,0,0,0,0,0,0,0,0,0,0,0,6,6,6,0,0,0,0,0,0,-1,1,507.1
0,0,0,0,0,0,0,0,0,0,0,0,5,5,5,2,2,2,1,1,1,1,0,0,0,1,1,1,1,0,0,-1,-1,277.736
0,0,0,0,0,0,0,0,0,1,1,1,3,3,2,0,0,0,2,2,2,1,0,0,0,0,0,5,5,5,5,-1,-1,290.784
0,0,0,0,0,0,0,0,0,0,0,0,0,0,0,0,0,0,0,0,0,0,5,5,5,0,0,0,0,0,0,-1,1,327.6
0,0,0,0,0,0,0,0,0,0,0,0,0,0,0,0,0,0,0,0,0,0,5,5,5,0,0,0,0,0,0,-1,1,354.7
0,0,0,0,0,0,0,0,0,0,0,0,0,0,0,0,0,0,0,0,0,0,5,5,5,0,0,0,0,0,0,-1,1,347.6
0,0,0,0,0,0,0,0,0,0,0,0,0,0,0,0,0,0,0,0,0,0,5,5,5,0,0,0,0,0,0,-1,1,274.9
0,0,0,0,0,0,0,0,0,2,2,2,5,5,3,2,2,2,2,2,2,3,0,0,0,0,0,2,2,2,2,-1,-1,369.072
0,0,0,7,7,7,0,0,0,2,2,2,3,3,1,0,0,0,0,0,0,0,0,0,0,0,0,0,0,0,0,-1,-1,197.584
0,0,0,0,0,0,0,0,0,3,3,3,5,5,2,0,0,0,0,0,0,0,7,7,7,0,0,0,0,0,0,-1,1,573.1
0,0,0,0,0,0,0,0,0,1,1,1,7,7,6,0,0,0,0,0,0,0,4,4,4,0,0,0,0,0,0,-1,1,600.8
0,0,0,0,0,0,0,0,0,0,0,0,0,0,0,0,0,0,0,0,0,0,5,5,5,0,0,0,0,0,0,-1,1,294.7
0,0,0,4,4,4,0,0,0,2,2,2,6,6,4,0,0,0,0,0,0,0,0,0,0,0,0,0,0,0,0,-1,-1,266.552
0,0,0,0,0,0,0,0,0,1,1,1,3,3,2,0,0,0,0,0,0,0,5,5,5,0,0,0,0,0,0,-1,-1,328.064
0,0,0,0,0,0,0,0,0,0,0,0,0,0,0,0,0,0,0,0,0,0,5,5,5,0,0,0,0,0,0,-1,1,391.8
0,0,0,0,0,0,0,0,0,0,0,0,0,0,0,0,0,0,0,0,0,0,8,8,8,0,0,0,0,0,0,-1,1,521.3
0,0,0,0,0,0,0,0,0,5,5,5,8,8,3,0,0,0,0,0,0,0,5,5,5,0,0,0,0,0,0,-1,1,658.1
0,0,0,0,0,0,0,0,0,1,1,1,1,1,0,3,3,3,0,0,0,0,0,0,0,0,0,0,0,0,0,-1,-1,309.424
0,0,0,0,0,0,0,0,0,0,0,0,8,8,8,2,2,2,0,0,0,0,0,0,0,0,0,0,0,0,0,-1,-1,275.872
0,0,0,0,0,0,0,0,0,0,0,0,0,0,0,0,0,0,0,0,0,0,5,5,5,0,0,0,0,0,0,-1,1,343.9
0,0,0,0,0,0,0,0,0,0,0,0,0,0,0,0,0,0,0,0,0,0,5,5,5,0,0,0,0,0,0,-1,1,310.6
0,0,0,0,0,0,0,0,0,0,0,0,0,0,0,0,0,0,0,0,0,0,4,4,4,0,0,0,0,0,0,-1,1,347.2
0,0,0,0,0,0,0,0,0,0,0,0,0,0,0,0,0,0,0,0,0,0,9,9,9,0,0,0,0,0,0,-1,1,203.9
0,0,0,0,0,0,2,2,2,3,3,3,7,7,4,2,2,2,0,0,0,0,2,2,2,0,0,0,0,0,0,-1,-1,339.248
3,3,3,0,0,0,0,0,0,2,2,2,4,4,2,0,0,0,0,0,0,0,0,0,0,0,0,0,0,0,0,-1,-1,216.224
0,0,0,0,0,0,0,0,0,0,0,0,0,0,0,0,0,0,0,0,0,0,6,6,6,0,0,0,0,0,0,-1,1,326.1
0,0,0,0,0,0,0,0,0,0,0,0,0,0,0,0,0,0,0,0,0,0,10,10,10,0,0,0,0,0,0,-1,1,515.8
0,0,0,0,0,0,0,0,0,0,0,0,0,0,0,0,0,0,0,0,0,0,5,5,5,0,0,0,0,0,0,-1,1,340.4
0,0,0,0,0,0,0,0,0,0,0,0,0,0,0,0,0,0,0,0,0,0,5,5,5,0,0,0,0,0,0,-1,1,294.3
0,0,0,0,0,0,0,0,0,0,0,0,2,2,2,0,0,0,0,0,0,0,7,7,7,0,0,0,0,0,0,-1,-1,359.752
0,0,0,0,0,0,0,0,0,1,1,1,1,1,0,3,3,3,0,0,0,0,0,0,0,0,0,0,0,0,0,-1,-1,117.432
0,0,0,0,0,0,0,0,0,1,1,1,3,3,2,0,0,0,0,0,0,0,7,7,7,0,0,0,0,0,0,1,1,484.1
0,0,0,0,0,0,0,0,0,0,0,0,0,0,0,1,1,1,0,0,0,0,4,4,4,0,0,0,0,0,0,-1,1,499.9
0,0,0,0,0,0,0,0,0,4,4,4,14,14,10,0,0,0,0,0,0,0,1,1,1,0,0,0,0,0,0,1,-1,294.512
0,0,0,0,0,0,0,0,0,0,0,0,0,0,0,0,0,0,0,0,0,0,5,5,5,0,0,0,0,0,0,1,1,340.2
0,0,0,0,0,0,0,0,0,0,0,0,0,0,0,0,0,0,0,0,0,0,5,5,5,0,0,0,0,0,0,1,1,191.2
0,0,0,0,0,0,0,0,0,0,0,0,0,0,0,0,0,0,0,0,0,0,5,5,5,0,0,0,0,0,0,1,1,219.7
0,0,0,0,0,0,0,0,0,1,1,1,4,4,3,0,0,0,0,0,0,0,0,0,0,0,0,0,0,0,0,1,-1,184.536
0,0,0,0,0,0,0,0,0,4,4,4,6,6,2,3,3,3,0,0,0,0,2,2,2,0,0,0,0,0,0,1,-1,253.504
0,0,0,0,0,0,0,0,0,0,0,0,0,0,0,0,0,0,0,0,0,0,5,5,5,0,0,0,0,0,0,1,1,269.3
0,0,0,0,0,0,0,0,0,0,0,0,0,0,0,0,0,0,0,0,0,0,2,2,2,0,0,0,0,0,0,1,1,136.2
0,0,0,0,0,0,0,0,0,0,0,0,0,0,0,0,0,0,0,0,0,0,5,5,5,0,0,0,0,0,0,1,1,249.9
0,0,0,0,0,0,0,0,0,1,1,1,2,2,1,0,0,0,2,2,2,1,1,1,1,2,2,7,7,5,5,-1,-1,417.536
0,0,0,0,0,0,0,0,0,0,0,0,0,0,0,0,0,0,0,0,0,0,4,4,4,0,0,0,0,0,0,-1,-1,290.784
0,0,0,0,0,0,0,0,0,4,4,4,7,7,3,0,0,0,0,0,0,0,0,0,0,0,0,0,0,0,0,-1,1,253.7
0,0,0,0,0,0,0,0,0,2,2,2,4,4,2,0,0,0,0,0,0,0,2,2,2,0,0,0,0,0,0,-1,1,261.9
0,0,0,0,0,0,0,0,0,3,3,3,6,6,3,0,0,0,3,3,3,0,0,0,0,0,0,2,2,2,2,-1,-1,477.184
0,0,0,0,0,0,0,0,0,2,2,2,3,3,1,0,0,0,0,0,0,0,0,0,0,0,0,0,0,0,0,-1,-1,119.296
0,0,0,0,0,0,0,0,0,0,0,0,0,0,0,0,0,0,0,0,0,0,1,1,1,0,0,0,0,0,0,-1,1,266
0,0,0,0,0,0,0,0,0,0,0,0,0,0,0,0,0,0,0,0,0,0,2,2,2,0,0,0,0,0,0,-1,1,258.5
0,0,0,0,0,0,0,0,0,1,1,1,5,5,4,0,0,0,0,0,0,0,0,0,0,0,0,0,0,0,0,-1,1,227.6
0,0,0,0,0,0,0,0,0,1,1,1,3,3,2,0,0,0,0,0,0,0,6,6,6,0,0,0,0,0,0,1,-1,452.952
0,0,0,0,0,0,0,0,0,4,4,4,9,9,5,0,0,0,1,1,1,1,3,3,3,0,0,0,0,0,0,1,-1,372.8
0,0,0,0,0,0,0,0,0,0,0,0,0,0,0,0,0,0,0,0,0,0,3,3,3,0,0,0,0,0,0,1,1,284.1
0,0,0,0,0,0,0,0,0,1,1,1,7,7,6,0,0,0,0,0,0,0,8,8,8,0,0,0,0,0,0,1,1,413.2
0,0,0,0,0,0,0,0,0,0,0,0,0,0,0,0,0,0,0,0,0,0,5,5,5,0,0,0,0,0,0,1,1,223.3
0,0,0,0,0,0,0,0,0,1,1,1,7,7,6,0,0,0,0,0,0,0,7,7,7,0,0,0,0,0,0,1,1,494.9
0,0,0,0,0,0,0,0,0,0,0,0,0,0,0,0,0,0,0,0,0,0,5,5,5,0,0,0,0,0,0,1,1,424.7
0,0,0,0,0,0,0,0,0,0,0,0,0,0,0,0,0,0,0,0,0,0,6,6,6,0,0,0,0,0,0,-1,1,273.7
1,1,1,0,0,0,0,0,0,0,0,0,0,0,0,0,0,0,0,0,0,0,3,3,3,1,1,1,1,0,0,1,1,416.6
0,0,0,0,0,0,0,0,0,0,0,0,0,0,0,0,0,0,0,0,0,0,5,5,5,0,0,0,0,0,0,1,1,261.2
0,0,0,1,1,1,0,0,0,1,1,1,4,4,3,2,2,2,0,0,0,0,2,2,2,2,2,2,2,0,0,1,-1,275.872
0,0,0,0,0,0,0,0,0,1,1,1,3,3,2,0,0,0,0,0,0,0,6,6,6,3,3,3,3,0,0,1,-1,339.248
0,0,0,0,0,0,0,0,0,2,2,2,4,4,2,0,0,0,0,0,0,0,7,7,7,0,0,0,0,0,0,1,1,512.6
0,0,0,0,0,0,0,0,0,0,0,0,0,0,0,0,0,0,0,0,0,0,11,11,11,0,0,0,0,0,0,1,1,595.3
0,0,0,0,0,0,0,0,0,2,2,2,3,3,1,2,2,2,0,0,0,2,1,1,1,0,0,1,1,1,1,-1,-1,279.6
0,0,0,0,0,0,0,0,0,0,0,0,0,0,0,0,0,0,0,0,0,0,5,5,5,0,0,0,0,0,0,-1,-1,205.04
0,0,0,2,2,2,0,0,0,1,1,1,3,3,2,0,0,0,0,0,0,0,2,2,2,2,2,2,2,0,0,-1,1,354
0,0,0,0,0,0,0,0,0,0,0,0,0,0,0,0,0,0,0,0,0,0,5,5,5,0,0,0,0,0,0,1,1,221.6
0,0,0,0,0,0,0,0,0,2,2,2,2,2,0,0,0,0,0,0,0,0,0,0,0,0,0,0,0,0,0,-1,-1,121.16
0,0,0,0,0,0,0,0,0,6,6,6,11,11,5,2,2,2,0,0,0,0,0,0,0,0,0,0,0,0,0,-1,-1,300.104
0,0,0,0,0,0,0,0,0,1,1,1,7,7,6,0,0,0,0,0,0,0,6,6,6,0,0,0,0,0,0,-1,1,530.1
0,0,0,0,0,0,0,0,0,0,0,0,0,0,0,0,0,0,0,0,0,0,5,5,5,0,0,0,0,0,0,-1,1,318.4
0,0,0,0,0,0,0,0,0,0,0,0,0,0,0,0,0,0,0,0,0,0,3,3,3,0,0,0,0,0,0,-1,-1,242.32
0,0,0,0,0,0,0,0,0,7,7,7,11,11,4,0,0,0,0,0,0,0,0,0,0,0,0,0,0,0,0,1,-1,249.776
0,0,0,0,0,0,0,0,0,0,0,0,0,0,0,0,0,0,0,0,0,0,3,3,3,0,0,0,0,0,0,-1,1,315
0,0,0,0,0,0,0,0,0,1,1,1,7,7,6,0,0,0,0,0,0,0,6,6,6,0,0,0,0,0,0,1,1,476.8
0,0,0,0,0,0,0,0,0,0,0,0,2,2,2,0,0,0,0,0,0,0,7,7,7,0,0,0,0,0,0,1,-1,318.744
0,0,0,0,0,0,0,0,0,0,0,0,2,2,2,0,0,0,0,0,0,0,0,0,0,0,0,0,0,0,0,-1,-1,74.56
0,0,0,2,2,2,0,0,0,1,1,1,3,3,2,0,0,0,0,0,0,0,7,7,7,2,2,2,2,0,0,1,1,506.5
0,0,0,0,0,0,0,0,0,0,0,0,0,0,0,0,0,0,0,0,0,0,5,5,5,0,0,0,0,0,0,1,1,297.8
0,0,0,0,0,0,0,0,0,1,1,1,3,3,2,0,0,0,0,0,0,0,0,0,0,0,0,0,0,0,0,1,-1,100.656
0,0,0,0,0,0,0,0,0,2,2,2,4,4,2,0,0,0,0,0,0,0,4,4,4,0,0,0,0,0,0,1,-1,262.824
0,0,0,0,0,0,0,0,0,0,0,0,2,2,2,0,0,0,0,0,0,0,5,5,5,2,2,2,2,0,0,1,1,486.2
0,0,0,0,0,0,0,0,0,5,5,5,8,8,3,0,0,0,0,0,0,0,5,5,5,0,0,0,0,0,0,1,1,458.7
0,0,0,0,0,0,0,0,0,5,5,5,8,8,3,0,0,0,0,0,0,0,3,3,3,0,0,0,0,0,0,1,-1,292.648
0,0,0,0,0,0,0,0,0,1,1,1,1,1,0,0,0,0,0,0,0,0,6,6,6,0,0,0,0,0,0,1,-1,205.04
0,0,0,0,0,0,0,0,0,0,0,0,0,0,0,0,0,0,0,0,0,0,4,4,4,0,0,0,0,0,0,1,1,304.8
0,0,0,2,2,2,0,0,0,1,1,1,3,3,2,0,0,0,0,0,0,0,7,7,7,2,2,2,2,0,0,1,1,459.4
0,0,0,0,0,0,0,0,0,0,0,0,0,0,0,0,0,0,0,0,0,0,5,5,5,0,0,0,0,0,0,-1,-1,201.312
0,0,0,0,0,0,0,0,0,0,0,0,0,0,0,0,0,0,0,0,0,0,5,5,5,0,0,0,0,0,0,-1,-1,206.904
0,0,0,0,0,0,0,0,0,0,0,0,0,0,0,0,0,0,0,0,0,0,3,3,3,0,0,0,0,0,0,-1,1,290.5
0,0,0,0,0,0,0,0,0,0,0,0,0,0,0,0,0,0,0,0,0,0,5,5,5,0,0,0,0,0,0,-1,1,300.4
0,0,0,0,0,0,0,0,0,2,2,2,4,4,2,2,2,2,0,0,0,0,0,0,0,0,0,0,0,0,0,-1,-1,246.048
0,0,0,0,0,0,0,0,0,2,2,2,4,4,2,0,0,0,0,0,0,0,6,6,6,0,0,0,0,0,0,-1,-1,356.024
0,0,0,0,0,0,0,0,0,0,0,0,0,0,0,0,0,0,0,0,0,0,5,5,5,0,0,0,0,0,0,-1,1,294.2
0,0,0,0,0,0,0,0,0,0,0,0,0,0,0,0,0,0,0,0,0,0,5,5,5,0,0,0,0,0,0,-1,1,319
0,0,0,0,0,0,0,0,0,0,0,0,0,0,0,3,3,3,0,0,0,0,0,0,0,0,0,0,0,0,0,1,-1,266.552
0,0,0,0,0,0,0,0,0,1,1,1,1,1,0,6,6,6,0,0,0,0,5,5,5,0,0,0,0,0,0,1,-1,313.152
0,0,0,0,0,0,0,0,0,1,1,1,7,7,6,0,0,0,0,0,0,0,3,3,3,0,0,0,0,0,0,-1,1,437.1
0,0,0,0,0,0,0,0,0,0,0,0,0,0,0,0,0,0,0,0,0,0,5,5,5,0,0,0,0,0,0,-1,1,263.8
0,0,0,0,0,0,0,0,0,1,1,1,3,3,2,2,2,2,0,0,0,0,4,4,4,0,0,0,0,0,0,-1,-1,367.208
0,0,0,0,0,0,0,0,0,2,2,2,7,7,5,2,2,2,0,0,0,0,0,0,0,0,0,0,0,0,0,-1,-1,223.68
0,0,0,0,0,0,0,0,0,0,0,0,1,1,1,0,0,0,0,0,0,0,5,5,5,3,3,3,3,0,0,-1,1,631
0,0,0,0,0,0,0,0,0,5,5,5,8,8,3,0,0,0,0,0,0,0,0,0,0,0,0,0,0,0,0,-1,1,235.7
0,0,0,0,0,0,0,0,0,2,2,2,6,6,4,0,0,0,0,0,0,0,0,0,0,0,0,0,0,0,0,-1,-1,180.808
0,0,0,0,0,0,0,0,0,0,0,0,0,0,0,0,0,0,0,0,0,0,5,5,5,0,0,0,0,0,0,-1,-1,201.312
0,0,0,0,0,0,0,0,0,0,0,0,0,0,0,0,0,0,0,0,0,0,4,4,4,0,0,0,0,0,0,-1,1,394.3
0,0,0,0,0,0,0,0,0,0,0,0,0,0,0,0,0,0,0,0,0,0,5,5,5,0,0,0,0,0,0,-1,1,325.2
0,0,0,0,0,0,0,0,0,1,1,1,7,7,6,0,0,0,0,0,0,0,4,4,4,0,0,0,0,0,0,-1,-1,413.808
0,0,0,2,2,2,0,0,0,1,1,1,6,6,5,0,0,0,0,0,0,0,2,2,2,2,2,2,2,0,0,-1,-1,298.24
0,0,0,0,0,0,0,0,0,0,0,0,0,0,0,0,0,0,0,0,0,0,5,5,5,0,0,0,0,0,0,-1,1,294.6
0,0,0,0,0,0,0,0,0,0,0,0,0,0,0,0,0,0,0,0,0,0,5,5,5,0,0,0,0,0,0,-1,1,311.3
0,0,0,0,0,0,0,0,0,4,4,4,7,7,3,0,0,0,0,0,0,0,0,0,0,0,0,0,0,0,0,-1,-1,214.36
0,0,0,0,0,0,0,0,0,0,0,0,4,4,4,0,0,0,0,0,0,0,0,0,0,0,0,0,0,0,0,-1,-1,102.52
0,0,0,0,0,0,0,0,0,1,1,1,7,7,6,0,0,0,0,0,0,0,1,1,1,0,0,0,0,0,0,1,1,225.9
0,0,0,0,0,0,0,0,0,0,0,0,0,0,0,0,0,0,0,0,0,0,5,5,5,0,0,0,0,0,0,-1,1,279.1
0,0,0,0,0,0,0,0,0,1,1,1,3,3,2,0,0,0,0,0,0,0,5,5,5,5,5,5,5,0,0,-1,-1,464.136
0,0,0,0,0,0,0,0,0,0,0,0,0,0,0,0,0,0,0,0,0,0,3,3,3,0,0,0,0,0,0,-1,1,337.5
0,0,0,0,0,0,0,0,0,0,0,0,0,0,0,0,0,0,0,0,0,0,5,5,5,0,0,0,0,0,0,-1,1,310.7
0,0,0,0,0,0,0,0,0,3,3,3,5,5,2,3,3,3,0,0,0,0,3,3,3,0,0,0,0,0,0,-1,-1,244.184
0,0,0,0,0,0,0,0,0,0,0,0,0,0,0,0,0,0,0,0,0,0,2,2,2,0,0,0,0,0,0,-1,1,225.2
0,0,0,0,0,0,0,0,0,0,0,0,0,0,0,0,0,0,0,0,0,0,5,5,5,0,0,0,0,0,0,-1,1,280.3
0,0,0,2,2,2,0,0,0,1,1,1,2,2,1,0,0,0,0,0,0,0,7,7,7,2,2,2,2,0,0,-1,-1,376.528
0,0,0,0,0,0,0,0,0,1,1,1,10,10,9,0,0,0,0,0,0,0,0,0,0,0,0,0,0,0,0,-1,-1,266.552
0,0,0,0,0,0,0,0,0,0,0,0,0,0,0,0,0,0,0,0,0,0,5,5,5,0,0,0,0,0,0,-1,1,309.8
0,0,0,0,0,0,0,0,0,1,1,1,1,1,0,0,0,0,2,2,2,1,5,5,5,0,0,4,4,4,4,1,-1,387.712
0,0,0,0,0,0,0,0,0,0,0,0,0,0,0,0,0,0,0,0,0,0,5,5,5,0,0,0,0,0,0,1,-1,180.808
0,0,0,0,0,0,0,0,0,0,0,0,0,0,0,0,0,0,0,0,0,0,5,5,5,0,0,0,0,0,0,1,1,309.4
0,0,0,0,0,0,0,0,0,0,0,0,0,0,0,0,0,0,0,0,0,0,4,4,4,0,0,0,0,0,0,1,1,187.7
0,0,0,0,0,0,0,0,0,0,0,0,2,2,2,0,0,0,0,0,0,0,0,0,0,0,0,0,0,0,0,1,-1,48.464
0,0,0,0,0,0,0,0,0,0,0,0,0,0,0,0,0,0,0,0,0,0,5,5,5,0,0,0,0,0,0,-1,-1,195.72
0,0,0,0,0,0,0,0,0,0,0,0,0,0,0,0,0,0,0,0,0,0,5,5,5,0,0,0,0,0,0,-1,1,236.8
0,0,0,0,0,0,0,0,0,1,1,1,4,4,3,0,0,0,1,1,1,0,0,0,0,0,0,1,1,1,1,1,-1,171.488
0,0,0,0,0,0,0,0,0,0,0,0,0,0,0,0,0,0,0,0,0,0,11,11,11,0,0,0,0,0,0,-1,-1,424.992
0,0,0,0,0,0,0,0,0,0,0,0,4,4,4,0,0,0,0,0,0,0,5,5,5,0,0,0,0,0,0,-1,1,439
0,0,0,0,0,0,0,0,0,1,1,1,3,3,2,2,2,2,0,0,0,0,0,0,0,0,0,0,0,0,0,-1,-1,119.296
0,0,0,0,0,0,0,0,0,4,4,4,6,6,2,3,3,3,0,0,0,0,2,2,2,0,0,0,0,0,0,-1,-1,266.552
0,0,0,0,0,0,0,0,0,0,0,0,0,0,0,0,0,0,0,0,0,0,6,6,6,0,0,0,0,0,0,-1,1,344.7
0,0,0,0,0,0,0,0,0,0,0,0,0,0,0,0,0,0,0,0,0,0,4,4,4,0,0,0,0,0,0,-1,1,229.2
0,0,0,1,1,1,0,0,0,1,1,1,3,3,2,0,0,0,0,0,0,0,7,7,7,2,2,2,2,0,0,-1,-1,475.32
0,0,0,0,0,0,0,0,0,0,0,0,0,0,0,0,0,0,0,0,0,0,5,5,5,0,0,0,0,0,0,-1,-1,316.88
0,0,0,0,0,0,0,0,0,0,0,0,0,0,0,0,0,0,0,0,0,0,1,1,1,0,0,0,0,0,0,-1,1,131.1
0,0,0,0,0,0,0,0,0,0,0,0,0,0,0,0,0,0,0,0,0,0,5,5,5,0,0,0,0,0,0,-1,-1,190.128
0,0,0,0,0,0,0,0,0,0,0,0,2,2,2,0,0,0,0,0,0,0,5,5,5,0,0,0,0,0,0,1,-1,238.592
0,0,0,0,0,0,0,0,0,4,4,4,8,8,4,0,0,0,0,0,0,0,0,0,0,0,0,0,0,0,0,1,-1,201.312
0,0,0,0,0,0,2,2,2,2,2,2,6,6,4,0,0,0,0,0,0,0,0,0,0,0,0,0,0,0,0,1,-1,175.216
0,0,0,0,0,0,0,0,0,0,0,0,0,0,0,0,0,0,0,0,0,0,5,5,5,0,0,0,0,0,0,1,1,224.2
0,0,0,0,0,0,0,0,0,2,2,2,4,4,2,0,0,0,0,0,0,0,5,5,5,0,0,0,0,0,0,1,1,327.9
0,0,0,0,0,0,0,0,0,5,5,5,8,8,3,0,0,0,0,0,0,0,5,5,5,0,0,0,0,0,0,1,-1,292.648
0,0,0,0,0,0,0,0,0,2,2,2,8,8,6,0,0,0,0,0,0,0,0,0,0,0,0,0,0,0,0,1,-1,162.168
0,0,0,2,2,2,0,0,0,1,1,1,3,3,2,0,0,0,0,0,0,0,7,7,7,2,2,2,2,0,0,1,1,419.9
0,0,0,0,0,0,0,0,0,3,3,3,6,6,3,6,6,6,0,0,0,0,0,0,0,0,0,0,0,0,0,1,-1,206.904
0,0,0,0,0,0,0,0,0,2,2,2,3,3,1,0,0,0,0,0,0,0,0,0,0,0,0,0,0,0,0,1,-1,83.88
0,0,0,0,0,0,0,0,0,1,1,1,3,3,2,0,0,0,0,0,0,0,6,6,6,3,3,3,3,0,0,1,1,393.7
0,0,0,0,0,0,0,0,0,0,0,0,0,0,0,0,0,0,0,0,0,0,6,6,6,0,0,0,0,0,0,1,-1,195.72
0,0,0,0,0,0,0,0,0,1,1,1,9,9,8,2,2,2,0,0,0,0,0,0,0,0,0,0,0,0,0,1,-1,180.808
0,0,0,0,0,0,0,0,0,0,0,0,0,0,0,0,0,0,0,0,0,0,5,5,5,0,0,0,0,0,0,1,1,337.6
0,0,0,0,0,0,0,0,0,2,2,2,7,7,5,2,2,2,0,0,0,0,0,0,0,0,0,0,0,0,0,1,-1,178.944
0,0,0,0,0,0,4,4,4,0,0,0,0,0,0,1,1,1,2,2,2,2,5,5,5,0,0,2,2,2,2,1,-1,337.384
0,0,0,0,0,0,0,0,0,2,2,2,4,4,2,0,0,0,0,0,0,0,9,9,9,0,0,0,0,0,0,1,-1,288.92
0,0,0,0,0,0,0,0,0,0,0,0,0,0,0,0,0,0,0,0,0,0,5,5,5,0,0,0,0,0,0,1,1,292
0,0,0,0,0,0,0,0,0,5,5,5,8,8,3,0,0,0,0,0,0,0,1,1,1,0,0,0,0,0,0,1,1,272
0,0,0,0,0,0,0,0,0,0,0,0,2,2,2,0,0,0,0,0,0,0,5,5,5,0,0,0,0,0,0,1,1,330.6
0,0,0,0,0,0,0,0,0,0,0,0,0,0,0,0,0,0,0,0,0,0,8,8,8,0,0,0,0,0,0,1,1,367.7
11,11,11,0,0,0,0,0,0,1,1,1,2,2,1,2,2,2,1,1,1,0,0,0,0,1,1,1,1,0,0,1,-1,206.904
0,0,0,0,0,0,0,0,0,7,7,7,11,11,4,0,0,0,0,0,0,0,0,0,0,0,0,0,0,0,0,1,-1,251.64
0,0,0,0,0,0,0,0,0,1,1,1,7,7,6,0,0,0,0,0,0,0,6,6,6,0,0,0,0,0,0,1,1,424.4
0,0,0,0,0,0,0,0,0,3,3,3,5,5,2,0,0,0,0,0,0,0,7,7,7,0,0,0,0,0,0,1,1,379.9
0,0,0,0,0,0,0,0,0,1,1,1,7,7,6,4,4,4,0,0,0,0,0,0,0,0,0,0,0,0,0,1,-1,182.672
0,0,0,0,0,0,0,0,0,0,0,0,0,0,0,0,0,0,2,2,2,1,7,7,7,0,0,1,1,1,1,1,-1,247.912
0,0,0,0,0,0,0,0,0,0,0,0,0,0,0,0,0,0,0,0,0,0,11,11,11,0,0,0,0,0,0,1,1,498.3
0,0,0,0,0,0,0,0,0,2,2,2,4,4,2,0,0,0,0,0,0,0,0,0,0,0,0,0,0,0,0,1,1,150.6
0,0,0,0,0,0,0,0,0,0,0,0,0,0,0,0,0,0,0,0,0,0,5,5,5,0,0,0,0,0,0,1,1,268.6
0,0,0,2,2,2,0,0,0,1,1,1,3,3,2,0,0,0,0,0,0,0,7,7,7,1,1,1,1,0,0,1,-1,333.656
0,0,0,0,0,0,1,1,1,6,6,6,8,8,2,0,0,0,0,0,0,0,0,0,0,0,0,0,0,0,0,1,-1,203.176
0,0,0,0,0,0,0,0,0,3,3,3,5,5,2,0,0,0,0,0,0,0,7,7,7,0,0,0,0,0,0,1,1,465.6
0,0,0,0,0,0,0,0,0,1,1,1,7,7,6,0,0,0,0,0,0,0,6,6,6,0,0,0,0,0,0,1,1,483.5
0,0,0,0,0,0,0,0,0,0,0,0,0,0,0,0,0,0,0,0,0,0,8,8,8,0,0,0,0,0,0,1,1,332
0,0,0,0,0,0,0,0,0,3,3,3,5,5,2,0,0,0,0,0,0,0,8,8,8,0,0,0,0,0,0,1,1,546.6
0,0,0,0,0,0,0,0,0,0,0,0,0,0,0,0,0,0,0,0,0,0,6,6,6,0,0,0,0,0,0,1,1,311.4
0,0,0,0,0,0,0,0,0,0,0,0,0,0,0,0,0,0,0,0,0,0,5,5,5,0,0,0,0,0,0,1,1,245.6
0,0,0,0,0,0,0,0,0,1,1,1,3,3,2,0,0,0,0,0,0,0,8,8,8,0,0,0,0,0,0,-1,1,444.3
0,0,0,0,0,0,0,0,0,0,0,0,0,0,0,0,0,0,0,0,0,0,5,5,5,0,0,0,0,0,0,-1,1,305
0,0,0,0,0,0,0,0,0,1,1,1,7,7,6,0,0,0,0,0,0,0,6,6,6,0,0,0,0,0,0,1,1,429.1
0,0,0,0,0,0,0,0,0,0,0,0,0,0,0,0,0,0,0,0,0,0,6,6,6,0,0,0,0,0,0,1,1,248.8
0,0,0,0,0,0,0,0,0,1,1,1,3,3,2,0,0,0,0,0,0,0,5,5,5,1,1,1,1,0,0,1,1,405.3
0,0,0,0,0,0,0,0,0,0,0,0,0,0,0,0,0,0,0,0,0,0,5,5,5,0,0,0,0,0,0,1,1,283.6
0,0,0,0,0,0,0,0,0,3,3,3,6,6,3,0,0,0,0,0,0,0,5,5,5,0,0,0,0,0,0,1,1,422.2
0,0,0,0,0,0,0,0,0,0,0,0,0,0,0,0,0,0,0,0,0,0,5,5,5,0,0,0,0,0,0,1,1,237.9
0,0,0,2,2,2,0,0,0,1,1,1,3,3,2,0,0,0,0,0,0,0,7,7,7,2,2,2,2,0,0,1,1,452.5
0,0,0,0,0,0,0,0,0,0,0,0,0,0,0,0,0,0,0,0,0,0,4,4,4,0,0,0,0,0,0,1,1,271.6
0,0,0,0,0,0,0,0,0,1,1,1,7,7,6,0,0,0,0,0,0,0,7,7,7,0,0,0,0,0,0,1,1,534.2
0,0,0,0,0,0,0,0,0,2,2,2,2,2,0,0,0,0,0,0,0,0,6,6,6,0,0,0,0,0,0,1,1,321.5
0,0,0,0,0,0,0,0,0,0,0,0,0,0,0,0,0,0,0,0,0,0,11,11,11,0,0,0,0,0,0,1,1,534
0,0,0,0,0,0,0,0,0,0,0,0,0,0,0,0,0,0,0,0,0,0,5,5,5,0,0,0,0,0,0,-1,1,373.4
0,0,0,0,0,0,0,0,0,2,2,2,3,3,1,0,0,0,0,0,0,0,1,1,1,0,0,0,0,0,0,1,1,152.8
0,0,0,0,0,0,0,0,0,1,1,1,5,5,4,0,0,0,0,0,0,0,3,3,3,0,0,0,0,0,0,1,1,352.8
0,0,0,0,0,0,0,0,0,0,0,0,0,0,0,0,0,0,0,0,0,0,5,5,5,0,0,0,0,0,0,1,1,258.7
0,0,0,0,0,0,0,0,0,1,1,1,1,1,0,0,0,0,0,0,0,0,4,4,4,0,0,0,0,0,0,1,1,253.9
0,0,0,0,0,0,0,0,0,0,0,0,0,0,0,0,0,0,0,0,0,0,5,5,5,0,0,0,0,0,0,1,1,256.6
0,0,0,0,0,0,0,0,0,1,1,1,3,3,2,0,0,0,0,0,0,0,6,6,6,3,3,3,3,0,0,1,1,388.5
0,0,0,0,0,0,0,0,0,0,0,0,8,8,8,0,0,0,0,0,0,0,0,0,0,0,0,0,0,0,0,1,-1,169.624
0,0,0,0,0,0,0,0,0,0,0,0,0,0,0,0,0,0,0,0,0,0,9,9,9,0,0,0,0,0,0,1,-1,288.92
0,0,0,0,0,0,0,0,0,0,0,0,6,6,6,0,0,0,0,0,0,0,5,5,5,0,0,0,0,0,0,1,1,419.7
0,0,0,2,2,2,0,0,0,1,1,1,6,6,5,0,0,0,0,0,0,0,2,2,2,2,2,2,2,0,0,1,1,382.9
0,0,0,0,0,0,0,0,0,0,0,0,0,0,0,0,0,0,0,0,0,1,5,5,5,4,4,4,4,0,0,1,-1,326.2
0,0,0,0,0,0,0,0,0,1,1,1,7,7,6,4,4,4,0,0,0,0,0,0,0,0,0,0,0,0,0,1,-1,246.048
0,0,0,0,0,0,0,0,0,0,0,0,2,2,2,0,0,0,0,0,0,0,7,7,7,0,0,0,0,0,0,1,1,495.4
0,0,0,0,0,0,0,0,0,1,1,1,3,3,2,0,0,0,0,0,0,0,7,7,7,3,3,3,3,0,0,1,1,505.8
0,0,0,0,0,0,0,0,0,0,0,0,0,0,0,0,0,0,0,0,0,0,5,5,5,0,0,0,0,0,0,1,1,346.9
6,6,6,0,0,0,0,0,0,2,2,2,4,4,2,0,0,0,1,1,1,1,0,0,0,1,1,2,2,1,1,1,-1,223.68
0,0,0,0,0,0,0,0,0,2,2,2,4,4,2,0,0,0,0,0,0,0,7,7,7,0,0,0,0,0,0,1,1,524.5
0,0,0,0,0,0,0,0,0,0,0,0,0,0,0,0,0,0,0,0,0,0,5,5,5,0,0,0,0,0,0,1,1,289.3
0,0,0,0,0,0,0,0,0,0,0,0,3,3,3,0,0,0,0,0,0,0,6,6,6,0,0,0,0,0,0,1,1,341.2
0,0,0,0,0,0,0,0,0,0,0,0,0,0,0,0,0,0,0,0,0,0,5,5,5,0,0,0,0,0,0,1,-1,147.256
0,0,0,0,0,0,0,0,0,1,1,1,3,3,2,0,0,0,0,0,0,0,6,6,6,0,0,0,0,0,0,1,1,329.1
0,0,0,0,0,0,0,0,0,0,0,0,0,0,0,0,0,0,0,0,0,0,5,5,5,0,0,0,0,0,0,1,1,229.6
0,0,0,0,0,0,0,0,0,0,0,0,0,0,0,0,0,0,0,0,0,0,5,5,5,0,0,0,0,0,0,1,1,256.2
0,0,0,0,0,0,4,4,4,0,0,0,0,0,0,1,1,1,2,2,2,2,5,5,5,0,0,2,2,2,2,1,-1,348.568
0,0,0,0,0,0,0,0,0,0,0,0,0,0,0,0,0,0,0,0,0,0,4,4,4,0,0,0,0,0,0,1,1,229.4
0,0,0,0,0,0,0,0,0,0,0,0,0,0,0,0,0,0,0,0,0,0,10,10,10,0,0,0,0,0,0,1,1,544.2
0,0,0,0,0,0,0,0,0,1,1,1,3,3,2,0,0,0,0,0,0,0,6,6,6,0,0,0,0,0,0,1,1,425.6
0,0,0,0,0,0,0,0,0,2,2,2,4,4,2,0,0,0,0,0,0,0,3,3,3,0,0,0,0,0,0,1,-1,134.208
0,0,0,0,0,0,0,0,0,5,5,5,8,8,3,0,0,0,0,0,0,0,2,2,2,0,0,0,0,0,0,1,-1,240.456
0,0,0,0,0,0,0,0,0,0,0,0,0,0,0,0,0,0,0,0,0,0,5,5,5,0,0,0,0,0,0,1,1,244.3
0,0,0,0,0,0,0,0,0,0,0,0,0,0,0,0,0,0,0,0,0,0,5,5,5,0,0,0,0,0,0,1,1,262.8
0,0,0,0,0,0,0,0,0,0,0,0,0,0,0,0,0,0,0,0,0,0,5,5,5,0,0,0,0,0,0,1,1,260.2
0,0,0,0,0,0,0,0,0,4,4,4,8,8,4,0,0,0,0,0,0,0,2,2,2,0,0,0,0,0,0,1,-1,260.96
0,0,0,0,0,0,0,0,0,1,1,1,7,7,6,0,0,0,0,0,0,0,1,1,1,0,0,0,0,0,0,1,-1,154.712
0,0,0,0,0,0,0,0,0,0,0,0,0,0,0,0,0,0,0,0,0,0,6,6,6,0,0,0,0,0,0,1,1,219.2
0,0,0,0,0,0,0,0,0,0,0,0,3,3,3,0,0,0,0,0,0,0,5,5,5,0,0,0,0,0,0,1,1,311.8
0,0,0,0,0,0,0,0,0,0,0,0,0,0,0,0,0,0,0,0,0,0,5,5,5,0,0,0,0,0,0,1,1,239.7
0,0,0,0,0,0,0,0,0,0,0,0,3,3,3,0,0,0,0,0,0,0,6,6,6,0,0,0,0,0,0,1,-1,268.416
0,0,0,0,0,0,0,0,0,1,1,1,7,7,6,0,0,0,0,0,0,0,6,6,6,0,0,0,0,0,0,1,1,501.3
0,0,0,0,0,0,0,0,0,0,0,0,0,0,0,0,0,0,0,0,0,0,5,5,5,0,0,0,0,0,0,1,1,322
0,0,0,0,0,0,0,0,0,5,5,5,8,8,3,0,0,0,0,0,0,0,3,3,3,0,0,0,0,0,0,1,1,410.4
0,0,0,0,0,0,0,0,0,0,0,0,2,2,2,0,0,0,2,2,2,1,0,0,0,0,0,6,6,6,6,1,1,260.6
0,0,0,0,0,0,0,0,0,0,0,0,0,0,0,0,0,0,0,0,0,0,5,5,5,0,0,0,0,0,0,1,-1,236.728
0,0,0,0,0,0,0,0,0,1,1,1,3,3,2,0,0,0,0,0,0,0,1,1,1,0,0,0,0,0,0,1,-1,115.568
0,0,0,0,0,0,0,0,0,0,0,0,0,0,0,0,0,0,0,0,0,0,5,5,5,0,0,0,0,0,0,1,1,238.4
0,0,0,0,0,0,0,0,0,0,0,0,0,0,0,0,0,0,0,0,0,0,5,5,5,0,0,0,0,0,0,1,1,263.4
0,0,0,0,0,0,0,0,0,1,1,1,2,2,1,0,0,0,0,0,0,0,6,6,6,0,0,0,0,0,0,1,1,354.6
0,0,0,0,0,0,0,0,0,1,1,1,1,1,0,3,3,3,0,0,0,0,0,0,0,0,0,0,0,0,0,1,-1,74.56
0,0,0,0,0,0,0,0,0,2,2,2,3,3,1,0,0,0,0,0,0,0,0,0,0,0,0,0,0,0,0,1,-1,141.664
0,0,0,0,0,0,0,0,0,0,0,0,0,0,0,0,0,0,0,0,0,0,5,5,5,0,0,0,0,0,0,1,1,189.6
0,0,0,0,0,0,0,0,0,0,0,0,0,0,0,0,0,0,0,0,0,0,5,5,5,0,0,0,0,0,0,1,1,244.4
0,0,0,0,0,0,0,0,0,5,5,5,8,8,3,0,0,0,0,0,0,0,5,5,5,0,0,0,0,0,0,1,1,351
0,0,0,0,0,0,0,0,0,1,1,1,2,2,1,2,2,2,0,0,0,0,5,5,5,0,0,0,0,0,0,1,-1,244.184
0,0,0,0,0,0,0,0,0,1,1,1,8,8,7,4,4,4,0,0,0,0,0,0,0,0,0,0,0,0,0,1,-1,175.216
0,0,0,0,0,0,0,0,0,0,0,0,0,0,0,0,0,0,0,0,0,0,5,5,5,0,0,0,0,0,0,1,1,224.5
0,0,0,0,0,0,0,0,0,0,0,0,0,0,0,0,0,0,0,0,0,0,0,0,0,0,0,2,2,2,2,1,1,96.7
0,0,0,0,0,0,0,0,0,0,0,0,0,0,0,0,0,0,0,0,0,0,5,5,5,0,0,0,0,0,0,1,1,249.8
0,0,0,0,0,0,0,0,0,3,3,3,6,6,3,3,3,3,0,0,0,0,0,0,0,0,0,0,0,0,0,1,-1,184.536
0,0,0,0,0,0,0,0,0,2,2,2,8,8,6,2,2,2,0,0,0,0,0,0,0,0,0,0,0,0,0,1,-1,193.856
0,0,0,0,0,0,0,0,0,0,0,0,0,0,0,0,0,0,0,0,0,0,5,5,5,0,0,0,0,0,0,1,1,276.9
0,0,0,0,0,0,0,0,0,0,0,0,4,4,4,0,0,0,0,0,0,0,2,2,2,0,0,0,0,0,0,1,1,254
0,0,0,0,0,0,0,0,0,0,0,0,0,0,0,0,0,0,0,0,0,0,5,5,5,0,0,0,0,0,0,1,1,268.5
0,0,0,0,0,0,0,0,0,1,1,1,8,8,7,0,0,0,0,0,0,0,0,0,0,0,0,0,0,0,0,1,-1,143.528
0,0,0,0,0,0,0,0,0,0,0,0,7,7,7,0,0,0,0,0,0,0,0,0,0,0,0,0,0,0,0,1,-1,106.248
0,0,0,0,0,0,0,0,0,0,0,0,0,0,0,0,0,0,0,0,0,0,5,5,5,0,0,0,0,0,0,1,1,203.9
0,0,0,0,0,0,0,0,0,0,0,0,0,0,0,0,0,0,0,0,0,0,5,5,5,0,0,0,0,0,0,1,1,227.7
0,0,0,0,0,0,0,0,0,3,3,3,5,5,2,0,0,0,0,0,0,0,7,7,7,0,0,0,0,0,0,1,1,406.2
1,1,1,0,0,0,0,0,0,2,2,2,4,4,2,2,2,2,1,1,1,2,0,0,0,1,1,2,2,1,1,1,-1,212.496
0,0,0,0,0,0,0,0,0,1,1,1,1,1,0,3,3,3,0,0,0,0,6,6,6,0,0,0,0,0,0,1,-1,262.824
0,0,0,0,0,0,0,0,0,0,0,0,0,0,0,0,0,0,0,0,0,0,5,5,5,0,0,0,0,0,0,1,1,204
0,0,0,0,0,0,0,0,0,0,0,0,0,0,0,0,0,0,0,0,0,0,5,5,5,0,0,0,0,0,0,1,1,251.1
0,0,0,0,0,0,0,0,0,2,2,2,6,6,4,0,0,0,0,0,0,0,1,1,1,3,3,3,3,0,0,1,1,282.4
0,0,0,0,0,0,0,0,0,0,0,0,0,0,0,0,0,0,0,0,0,0,2,2,2,0,0,0,0,0,0,1,-1,78.288
0,0,0,0,0,0,0,0,0,1,1,1,7,7,6,0,0,0,0,0,0,0,0,0,0,0,0,0,0,0,0,1,-1,190.128
0,0,0,0,0,0,0,0,0,0,0,0,0,0,0,0,0,0,0,0,0,0,5,5,5,0,0,0,0,0,0,1,1,234.4
0,0,0,0,0,0,0,0,0,0,0,0,0,0,0,0,0,0,0,0,0,0,5,5,5,0,0,0,0,0,0,1,1,233.1
0,0,0,0,0,0,0,0,0,0,0,0,0,0,0,0,0,0,0,0,0,0,5,5,5,0,0,0,0,0,0,1,1,261.8
0,0,0,0,0,0,0,0,0,0,0,0,0,0,0,0,0,0,0,0,0,0,5,5,5,0,0,0,0,0,0,1,-1,150.984
0,0,0,0,0,0,0,0,0,5,5,5,11,11,6,0,0,0,0,0,0,0,0,0,0,0,0,0,0,0,0,1,-1,246.048
0,0,0,0,0,0,0,0,0,0,0,0,0,0,0,0,0,0,0,0,0,0,4,4,4,0,0,0,0,0,0,1,1,235.3
0,0,0,0,0,0,0,0,0,0,0,0,0,0,0,0,0,0,0,0,0,0,5,5,5,0,0,0,0,0,0,1,1,237.8
0,0,0,0,0,0,0,0,0,1,1,1,1,1,0,3,3,3,0,0,0,0,0,0,0,0,0,0,0,0,0,1,-1,61.512
0,0,0,0,0,0,0,0,0,2,2,2,7,7,5,0,0,0,0,0,0,0,0,0,0,0,0,0,0,0,0,1,-1,201.312
0,0,0,0,0,0,0,0,0,0,0,0,0,0,0,0,0,0,0,0,0,0,6,6,6,0,0,0,0,0,0,1,1,272.9
0,0,0,0,0,0,0,0,0,0,0,0,0,0,0,0,0,0,0,0,0,0,5,5,5,0,0,0,0,0,0,1,1,195.9
0,0,0,0,0,0,0,0,0,0,0,0,3,3,3,0,0,0,0,0,0,0,0,0,0,7,7,7,7,0,0,1,-1,225.544
0,0,0,0,0,0,0,0,0,1,1,1,1,1,0,2,2,2,2,2,2,1,0,0,0,2,2,5,5,3,3,1,-1,272.144
0,0,0,0,0,0,0,0,0,1,1,1,3,3,2,0,0,0,0,0,0,0,6,6,6,3,3,3,3,0,0,1,1,483.4
0,0,0,0,0,0,0,0,0,0,0,0,0,0,0,0,0,0,0,0,0,0,5,5,5,0,0,0,0,0,0,1,1,265.1
0,0,0,0,0,0,0,0,0,0,0,0,0,0,0,0,0,0,0,0,0,0,5,5,5,0,0,0,0,0,0,1,1,255.8
0,0,0,0,0,0,0,0,0,0,0,0,0,0,0,0,0,0,0,0,0,0,5,5,5,0,0,0,0,0,0,1,1,256.7
0,0,0,0,0,0,0,0,0,4,4,4,7,7,3,0,0,0,0,0,0,0,0,0,0,0,0,0,0,0,0,1,1,276.6
0,0,0,0,0,0,0,0,0,0,0,0,0,0,0,0,0,0,0,0,0,0,7,7,7,0,0,0,0,0,0,1,-1,193.856
0,0,0,0,0,0,0,0,0,1,1,1,5,5,4,0,0,0,0,0,0,0,0,0,0,0,0,0,0,0,0,1,-1,150.984
0,0,0,0,0,0,1,1,1,2,2,2,2,2,0,0,0,0,0,0,0,0,5,5,5,0,0,0,0,0,0,1,1,234.3
0,0,0,0,0,0,0,0,0,5,5,5,6,6,1,6,6,6,0,0,0,0,0,0,0,0,0,0,0,0,0,1,-1,255.368
0,0,0,0,0,0,0,0,0,0,0,0,0,0,0,0,0,0,0,0,0,0,4,4,4,0,0,0,0,0,0,1,1,157.3
0,0,0,0,0,0,0,0,0,0,0,0,0,0,0,0,0,0,0,0,0,0,5,5,5,0,0,0,0,0,0,1,1,234.3
0,0,0,0,0,0,0,0,0,0,0,0,7,7,7,0,0,0,0,0,0,0,1,1,1,0,0,0,0,0,0,1,1,291.1
0,0,0,0,0,0,0,0,0,5,5,5,8,8,3,0,0,0,0,0,0,0,0,0,0,0,0,0,0,0,0,1,1,198.1
0,0,0,0,0,0,0,0,0,1,1,1,3,3,2,1,1,1,0,0,0,0,0,0,0,0,0,0,0,0,0,1,-1,96.928
0,0,0,0,0,0,0,0,0,0,0,0,3,3,3,0,0,0,0,0,0,0,0,0,0,0,0,0,0,0,0,1,-1,65.24
0,0,0,0,0,0,0,0,0,0,0,0,0,0,0,0,0,0,0,0,0,0,6,6,6,0,0,0,0,0,0,1,1,254.6
0,0,0,0,0,0,0,0,0,0,0,0,0,0,0,0,0,0,0,0,0,0,5,5,5,0,0,0,0,0,0,1,1,208.6
0,0,0,0,0,0,0,0,0,0,0,0,0,0,0,0,0,0,0,0,0,0,4,4,4,0,0,0,0,0,0,1,1,246.1
0,0,0,0,0,0,0,0,0,0,0,0,0,0,0,0,0,0,0,0,0,0,5,5,5,0,0,0,0,0,0,1,1,278.9
0,0,0,0,0,0,0,0,0,3,3,3,6,6,3,6,6,6,0,0,0,0,0,0,0,0,0,0,0,0,0,1,-1,206.904
0,0,0,0,0,0,0,0,0,1,1,1,1,1,0,3,3,3,0,0,0,0,0,0,0,0,0,0,0,0,0,1,-1,61.512
0,0,0,0,0,0,0,0,0,0,0,0,0,0,0,0,0,0,0,0,0,0,5,5,5,0,0,0,0,0,0,1,1,263.3
0,0,0,0,0,0,0,0,0,5,5,5,8,8,3,0,0,0,0,0,0,0,0,0,0,0,0,0,0,0,0,1,1,199.6
0,0,0,0,0,0,0,0,0,0,0,0,0,0,0,0,0,0,0,0,0,0,5,5,5,0,0,0,0,0,0,1,1,230.3
0,0,0,0,0,0,0,0,0,1,1,1,1,1,0,3,3,3,0,0,0,0,0,0,0,0,0,0,0,0,0,1,-1,59.648
0,0,0,0,0,0,0,0,0,0,0,0,0,0,0,0,0,0,0,0,0,0,4,4,4,0,0,0,0,0,0,1,-1,158.44
0,0,0,0,0,0,0,0,0,0,0,0,0,0,0,0,0,0,0,0,0,0,5,5,5,0,0,0,0,0,0,1,1,230.2
0,0,0,0,0,0,0,0,0,2,2,2,4,4,2,0,0,0,0,0,0,0,0,0,0,0,0,0,0,0,0,1,1,147.7
0,0,0,0,0,0,0,0,0,0,0,0,0,0,0,0,0,0,0,0,0,0,5,5,5,0,0,0,0,0,0,1,1,259.3
0,0,0,0,0,0,0,0,0,1,1,1,3,3,2,0,0,0,0,0,0,0,6,6,6,0,0,0,0,0,0,1,-1,270.28
0,0,0,0,0,0,2,2,2,3,3,3,7,7,4,0,0,0,0,0,0,0,2,2,2,0,0,0,0,0,0,1,-1,354.16
0,0,0,0,0,0,0,0,0,0,0,0,0,0,0,0,0,0,0,0,0,0,9,9,9,0,0,0,0,0,0,1,1,454.9
0,0,0,0,0,0,0,0,0,0,0,0,0,0,0,0,0,0,0,0,0,0,5,5,5,0,0,0,0,0,0,1,1,265.3
0,0,0,0,0,0,0,0,0,1,1,1,3,3,2,0,0,0,0,0,0,0,8,8,8,0,0,0,0,0,0,1,1,461
0,0,0,0,0,0,0,0,0,1,1,1,4,4,3,0,0,0,2,2,2,0,0,0,0,0,0,1,1,1,1,1,-1,216.224
0,0,0,0,0,0,0,0,0,2,2,2,7,7,5,0,0,0,0,0,0,0,0,0,0,0,0,1,1,1,1,1,-1,233
0,0,0,0,0,0,0,0,0,0,0,0,2,2,2,0,0,0,0,0,0,0,0,0,0,0,0,0,0,0,0,1,1,98.9
0,0,0,0,0,0,0,0,0,0,0,0,0,0,0,0,0,0,0,0,0,0,5,5,5,0,0,0,0,0,0,1,1,253.3
0,0,0,0,0,0,0,0,0,1,1,1,1,1,0,0,0,0,0,0,0,0,0,0,0,0,0,0,0,0,0,1,1,365.4
0,0,0,0,0,0,0,0,0,0,0,0,5,5,5,0,0,0,0,0,0,0,0,0,0,0,0,0,0,0,0,1,1,197.9
0,0,0,0,0,0,0,0,0,5,5,5,6,6,1,6,6,6,0,0,0,0,0,0,0,0,0,0,0,0,0,1,-1,262.824
0,0,0,0,0,0,0,0,0,6,6,6,10,10,4,2,2,2,0,0,0,0,0,0,0,0,0,0,0,0,0,1,-1,257.232
0,0,0,0,0,0,0,0,0,0,0,0,0,0,0,0,0,0,0,0,0,0,5,5,5,0,0,0,0,0,0,1,1,245.8
0,0,0,0,0,0,0,0,0,0,0,0,0,0,0,0,0,0,0,0,0,0,4,4,4,0,0,0,0,0,0,1,1,227
0,0,0,2,2,2,0,0,0,0,0,0,5,5,5,0,0,0,0,0,0,0,0,0,0,2,2,2,2,0,0,1,1,289.2
0,0,0,2,2,2,0,0,0,3,3,3,8,8,5,0,0,0,0,0,0,0,0,0,0,0,0,0,0,0,0,1,-1,296.376
0,0,0,0,0,0,0,0,0,1,1,1,7,7,6,0,0,0,0,0,0,0,6,6,6,0,0,0,0,0,0,1,1,476.7
0,0,0,0,0,0,0,0,0,0,0,0,0,0,0,0,0,0,0,0,0,0,5,5,5,0,0,0,0,0,0,1,1,295.8
0,0,0,0,0,0,0,0,0,0,0,0,0,0,0,0,0,0,0,0,0,0,5,5,5,0,0,0,0,0,0,1,1,249.5
0,0,0,0,0,0,0,0,0,2,2,2,2,2,0,3,3,3,2,2,2,1,0,0,0,0,0,4,4,4,4,1,-1,218.088
0,0,0,0,0,0,0,0,0,0,0,0,0,0,0,0,0,0,0,0,0,0,5,5,5,0,0,0,0,0,0,1,1,298.2
0,0,0,0,0,0,0,0,0,0,0,0,0,0,0,0,0,0,0,0,0,0,5,5,5,0,0,0,0,0,0,1,1,299.4
0,0,0,0,0,0,0,0,0,3,3,3,5,5,2,0,0,0,0,0,0,0,7,7,7,0,0,0,0,0,0,1,1,460.5
0,0,0,0,0,0,0,0,0,5,5,5,8,8,3,0,0,0,0,0,0,0,0,0,0,0,0,0,0,0,0,1,1,253.7
0,0,0,0,0,0,0,0,0,4,4,4,7,7,3,6,6,6,0,0,0,0,0,0,0,0,0,0,0,0,0,1,-1,231.136
0,0,0,0,0,0,0,0,0,1,1,1,10,10,9,0,0,0,0,0,0,0,0,0,0,0,0,0,0,0,0,1,-1,238.592
0,0,0,0,0,0,0,0,0,0,0,0,0,0,0,0,0,0,0,0,0,0,1,1,1,0,0,0,0,0,0,1,1,55.5
0,0,0,0,0,0,0,0,0,0,0,0,0,0,0,0,0,0,0,0,0,0,5,5,5,0,0,0,0,0,0,1,1,252.2
0,0,0,0,0,0,0,0,0,0,0,0,0,0,0,0,0,0,0,0,0,0,5,5,5,0,0,0,0,0,0,1,1,222.9
0,0,0,0,0,0,2,2,2,2,2,2,3,3,1,0,0,0,0,0,0,0,0,0,0,0,0,0,0,0,0,1,-1,95.064
0,0,0,0,0,0,1,1,1,3,3,3,9,9,6,0,0,0,0,0,0,0,0,0,0,0,0,0,0,0,0,1,-1,240.456
0,0,0,0,0,0,0,0,0,0,0,0,0,0,0,0,0,0,0,0,0,0,5,5,5,0,0,0,0,0,0,1,1,237.1
0,0,0,0,0,0,0,0,0,5,5,5,8,8,3,0,0,0,0,0,0,0,5,5,5,0,0,0,0,0,0,1,1,422.1
0,0,0,4,4,4,0,0,0,3,3,3,5,5,2,0,0,0,0,0,0,0,1,1,1,0,0,0,0,0,0,1,-1,225.544
0,0,0,0,0,0,4,4,4,1,1,1,3,3,2,5,5,5,2,2,2,2,0,0,0,0,0,2,2,2,2,1,-1,329.928
0,0,0,0,0,0,0,0,0,0,0,0,0,0,0,0,0,0,0,0,0,0,5,5,5,0,0,0,0,0,0,1,1,261.2
0,0,0,0,0,0,0,0,0,1,1,1,7,7,6,0,0,0,0,0,0,0,6,6,6,0,0,0,0,0,0,1,1,430.7
0,0,0,0,0,0,0,0,0,4,4,4,4,4,0,9,9,9,0,0,0,0,0,0,0,0,0,0,0,0,0,1,-1,296.376
0,0,0,0,0,0,0,0,0,1,1,1,7,7,6,0,0,0,0,0,0,0,6,6,6,0,0,0,0,0,0,1,-1,415.672
0,0,0,0,0,0,0,0,0,1,1,1,5,5,4,0,0,0,0,0,0,0,0,0,0,0,0,0,0,0,0,1,1,242.3
0,0,0,0,0,0,0,0,0,5,5,5,8,8,3,0,0,0,0,0,0,0,5,5,5,0,0,0,0,0,0,1,1,488.7
0,0,0,0,0,0,0,0,0,0,0,0,0,0,0,0,0,0,0,0,0,0,5,5,5,0,0,0,0,0,0,1,1,282.8
0,0,0,0,0,0,0,0,0,1,1,1,1,1,0,3,3,3,0,0,0,0,0,0,0,0,0,0,0,0,0,1,-1,83.88
0,0,0,0,0,0,0,0,0,0,0,0,3,3,3,0,0,0,0,0,0,0,6,6,6,0,0,0,0,0,0,1,-1,318.744
0,0,0,0,0,0,0,0,0,0,0,0,0,0,0,0,0,0,0,0,0,0,5,5,5,0,0,0,0,0,0,1,1,247.3
0,0,0,0,0,0,0,0,0,0,0,0,0,0,0,0,0,0,0,0,0,0,5,5,5,0,0,0,0,0,0,1,1,330.3
0,0,0,0,0,0,0,0,0,5,5,5,5,5,0,0,0,0,0,0,0,0,5,5,5,0,0,0,0,0,0,1,1,483.7
0,0,0,0,0,0,0,0,0,0,0,0,0,0,0,0,0,0,0,0,0,0,5,5,5,0,0,0,0,0,0,1,-1,188.264
0,0,0,0,0,0,0,0,0,0,0,0,0,0,0,0,0,0,0,0,0,0,5,5,5,0,0,0,0,0,0,1,-1,221.816
0,0,0,0,0,0,0,0,0,0,0,0,0,0,0,0,0,0,0,0,0,0,5,5,5,0,0,0,0,0,0,1,1,274.1
0,0,0,0,0,0,0,0,0,0,0,0,0,0,0,0,0,0,0,0,0,0,5,5,5,0,0,0,0,0,0,1,1,273
0,0,0,0,0,0,0,0,0,1,1,1,2,2,1,0,0,0,0,0,0,0,0,0,0,0,0,0,0,0,0,1,-1,50.328
0,0,0,0,0,0,0,0,0,1,1,1,5,5,4,3,3,3,0,0,0,0,0,0,0,0,0,0,0,0,0,1,-1,208.768
0,0,0,0,0,0,0,0,0,1,1,1,5,5,4,0,0,0,0,0,0,0,0,0,0,0,0,0,0,0,0,1,1,197.6
0,0,0,0,0,0,0,0,0,1,1,1,3,3,2,0,0,0,0,0,0,0,6,6,6,3,3,3,3,0,0,1,1,468.7
0,0,0,0,0,0,0,0,0,5,5,5,5,5,0,0,0,0,0,0,0,0,5,5,5,0,0,0,0,0,0,1,1,474.8
0,0,0,0,0,0,0,0,0,1,1,1,3,3,2,0,0,0,0,0,0,0,0,0,0,0,0,0,0,0,0,1,-1,80.152
0,0,0,0,0,0,0,0,0,1,1,1,3,3,2,0,0,0,0,0,0,0,7,7,7,0,0,0,0,0,0,1,1,430.3
0,0,0,0,0,0,0,0,0,0,0,0,0,0,0,0,0,0,0,0,0,0,5,5,5,0,0,0,0,0,0,1,1,331.9
0,0,0,0,0,0,0,0,0,0,0,0,0,0,0,0,0,0,0,0,0,0,5,5,5,0,0,0,0,0,0,1,1,244.5
0,0,0,0,0,0,0,0,0,2,2,2,3,3,1,0,0,0,0,0,0,0,0,0,0,0,0,0,0,0,0,1,-1,70.832
0,0,0,0,0,0,0,0,0,2,2,2,4,4,2,0,0,0,0,0,0,0,8,8,8,0,0,0,0,0,0,1,1,451.1
0,0,0,0,0,0,0,0,0,0,0,0,0,0,0,0,0,0,0,0,0,0,5,5,5,0,0,0,0,0,0,1,1,267.8
0,0,0,0,0,0,0,0,0,0,0,0,0,0,0,0,0,0,0,0,0,0,5,5,5,0,0,0,0,0,0,1,1,217.3
0,0,0,0,0,0,0,0,0,0,0,0,0,0,0,0,0,0,0,0,0,0,5,5,5,0,0,0,0,0,0,1,-1,218.088
0,0,0,0,0,0,0,0,0,0,0,0,0,0,0,0,0,0,0,0,0,0,5,5,5,0,0,0,0,0,0,1,1,360.5
0,0,0,0,0,0,0,0,0,2,2,2,2,2,0,0,0,0,0,0,0,0,4,4,4,0,0,0,0,0,0,1,1,314.2
0,0,0,0,0,0,0,0,0,5,5,5,8,8,3,0,0,0,0,0,0,0,0,0,0,0,0,0,0,0,0,1,-1,212.496
0,0,0,0,0,0,0,0,0,0,0,0,0,0,0,0,0,0,0,0,0,0,4,4,4,0,0,0,0,0,0,1,1,299.9
0,0,0,0,0,0,0,0,0,4,4,4,7,7,3,0,0,0,0,0,0,0,0,0,0,0,0,0,0,0,0,1,1,309.9
0,0,0,0,0,0,0,0,0,0,0,0,0,0,0,0,0,0,0,0,0,0,5,5,5,0,0,0,0,0,0,1,1,334.6
0,0,0,0,0,0,0,0,0,2,2,2,11,11,9,0,0,0,0,0,0,0,0,0,0,0,0,0,0,0,0,1,1,399.5
0,0,0,0,0,0,0,0,0,0,0,0,3,3,3,0,0,0,0,0,0,0,0,0,0,0,0,0,0,0,0,1,-1,72.696
0,0,0,0,0,0,0,0,0,5,5,5,8,8,3,0,0,0,0,0,0,0,0,0,0,0,0,0,0,0,0,1,1,266.9
0,0,0,0,0,0,0,0,0,2,2,2,8,8,6,0,0,0,0,0,0,0,0,0,0,0,0,0,0,0,0,1,1,301.8
0,0,0,0,0,0,0,0,0,0,0,0,4,4,4,0,0,0,0,0,0,0,0,0,0,0,0,0,0,0,0,1,1,148.2
0,0,0,0,0,0,0,0,0,4,4,4,5,5,1,8,8,8,0,0,0,0,0,0,0,0,0,0,0,0,0,1,-1,311.288
0,0,0,0,0,0,0,0,0,2,2,2,6,6,4,0,0,0,0,0,0,0,0,0,0,0,0,0,0,0,0,1,1,275.5
0,0,0,0,0,0,0,0,0,0,0,0,3,3,3,0,0,0,0,0,0,0,0,0,0,0,0,0,0,0,0,1,1,93.4
0,0,0,0,0,0,0,0,0,1,1,1,8,8,7,3,3,3,0,0,0,0,0,0,0,0,0,0,0,0,0,1,1,348
0,0,0,0,0,0,0,0,0,0,0,0,0,0,0,0,0,0,0,0,0,0,5,5,5,0,0,0,0,0,0,1,1,314.1
0,0,0,0,0,0,0,0,0,2,2,2,3,3,1,0,0,0,0,0,0,2,5,5,5,0,0,0,0,0,0,1,-1,311.288
0,0,0,0,0,0,0,0,0,0,0,0,0,0,0,0,0,0,0,0,0,0,4,4,4,0,0,0,0,0,0,1,1,283.2
0,0,0,0,0,0,0,0,0,0,0,0,0,0,0,0,0,0,0,0,0,0,4,4,4,0,0,0,0,0,0,1,1,272.6
0,0,0,0,0,0,0,0,0,4,4,4,8,8,4,0,0,0,0,0,0,0,0,0,0,0,0,0,0,0,0,1,1,306.6
0,0,0,0,0,0,0,0,0,0,0,0,0,0,0,0,0,0,0,0,0,0,6,6,6,0,0,0,0,0,0,1,-1,191.992
0,0,0,0,0,0,0,0,0,0,0,0,0,0,0,0,0,0,0,0,0,0,7,7,7,0,0,0,0,0,0,1,1,406.8
0,0,0,0,0,0,0,0,0,0,0,0,0,0,0,0,0,0,0,0,0,0,5,5,5,0,0,0,0,0,0,1,1,238.8
0,0,0,0,0,0,0,0,0,1,1,1,3,3,2,0,0,0,0,0,0,0,6,6,6,3,3,3,3,0,0,1,-1,350.432
0,0,0,0,0,0,0,0,0,0,0,0,0,0,0,0,0,0,0,0,0,0,5,5,5,0,0,0,0,0,0,1,1,241.4
0,0,0,0,0,0,0,0,0,0,0,0,0,0,0,0,0,0,0,0,0,0,5,5,5,0,0,0,0,0,0,1,1,221.8
0,0,0,0,0,0,0,0,0,4,4,4,4,4,0,0,0,0,0,0,0,0,5,5,5,0,0,0,0,0,0,1,1,403.3
0,0,0,0,0,0,0,0,0,4,4,4,7,7,3,6,6,6,0,0,0,0,0,0,0,0,0,0,0,0,0,1,-1,331.792
0,0,0,0,0,0,0,0,0,0,0,0,0,0,0,0,0,0,0,0,0,0,5,5,5,0,0,0,0,0,0,1,1,254.1
0,0,0,0,0,0,0,0,0,0,0,0,0,0,0,0,0,0,0,0,0,0,5,5,5,0,0,0,0,0,0,1,1,280.8
0,0,0,0,0,0,0,0,0,0,0,0,0,0,0,0,0,0,0,0,0,0,5,5,5,0,0,0,0,0,0,1,1,301.7
0,0,0,0,0,0,0,0,0,0,0,0,7,7,7,0,0,0,0,0,0,0,0,0,0,0,0,0,0,0,0,1,-1,180.808
0,0,0,0,0,0,0,0,0,0,0,0,0,0,0,0,0,0,0,0,0,0,5,5,5,0,0,0,0,0,0,1,1,250.4
0,0,0,0,0,0,0,0,0,0,0,0,0,0,0,0,0,0,0,0,0,0,5,5,5,0,0,0,0,0,0,1,1,286.2
0,0,0,0,0,0,0,0,0,5,5,5,8,8,3,0,0,0,0,0,0,0,0,0,0,0,0,0,0,0,0,1,1,285.3
0,0,0,0,0,0,0,0,0,0,0,0,0,0,0,0,0,0,0,0,0,0,8,8,8,0,0,0,0,0,0,1,-1,274.008
0,0,0,0,0,0,0,0,0,0,0,0,3,3,3,0,0,0,0,0,0,0,0,0,0,0,0,0,0,0,0,1,-1,83.88
0,0,0,0,0,0,0,0,0,1,1,1,10,10,9,0,0,0,0,0,0,0,0,0,0,0,0,0,0,0,0,1,-1,320.608
0,0,0,0,0,0,0,0,0,1,1,1,3,3,2,0,0,0,0,0,0,0,1,1,1,3,3,3,3,0,0,1,1,308.2
0,0,0,0,0,0,0,0,0,0,0,0,0,0,0,0,0,0,0,0,0,0,2,2,2,0,0,0,0,0,0,1,1,137.6
0,0,0,0,0,0,0,0,0,0,0,0,0,0,0,0,0,0,0,0,0,0,5,5,5,0,0,0,0,0,0,1,1,320.9
0,0,0,0,0,0,0,0,0,3,3,3,9,9,6,0,0,0,0,0,0,0,0,0,0,0,0,0,0,0,0,1,1,272.6
0,0,0,0,0,0,0,0,0,0,0,0,0,0,0,0,0,0,0,0,0,0,6,6,6,0,0,0,0,0,0,1,-1,290.784
0,0,0,0,0,0,0,0,0,3,3,3,5,5,2,0,0,0,0,0,0,0,8,8,8,0,0,0,0,0,0,1,1,481.3
0,0,0,0,0,0,0,0,0,1,1,1,8,8,7,0,0,0,0,0,0,0,0,0,0,0,0,0,0,0,0,1,1,304.6
0,0,0,0,0,0,0,0,0,0,0,0,0,0,0,0,0,0,0,0,0,0,5,5,5,0,0,0,0,0,0,1,1,309.3
0,0,0,0,0,0,3,3,3,3,3,3,9,9,6,0,0,0,0,0,0,0,1,1,1,0,0,0,0,0,0,1,-1,398.896
0,0,0,0,0,0,0,0,0,1,1,1,2,2,1,2,2,2,0,0,0,0,4,4,4,0,0,0,0,0,0,1,1,412.7
0,0,0,0,0,0,0,0,0,0,0,0,0,0,0,0,0,0,0,0,0,0,2,2,2,0,0,0,0,0,0,1,1,230.8
0,0,0,0,0,0,0,0,0,0,0,0,0,0,0,0,0,0,0,0,0,0,4,4,4,0,0,0,0,0,0,1,1,354.7
0,0,0,0,0,0,0,0,0,0,0,0,0,0,0,0,0,0,0,0,0,0,6,6,6,0,0,0,0,0,0,1,1,361.2
0,0,0,0,0,0,0,0,0,2,2,2,7,7,5,1,1,1,0,0,0,0,0,0,0,0,0,0,0,0,0,1,1,316.3
0,0,0,0,0,0,0,0,0,0,0,0,0,0,0,2,2,2,0,0,0,0,0,0,0,0,0,0,0,0,0,1,1,98.2
0,0,0,0,0,0,0,0,0,5,5,5,8,8,3,0,0,0,0,0,0,0,0,0,0,0,0,0,0,0,0,1,1,307.5
1,1,1,0,0,0,0,0,0,2,2,2,4,4,2,2,2,2,1,1,1,2,0,0,0,1,1,2,2,1,1,1,-1,290.784
0,0,0,0,0,0,0,0,0,5,5,5,11,11,6,0,0,0,0,0,0,0,0,0,0,0,0,0,0,0,0,1,1,346.9
0,0,0,0,0,0,0,0,0,2,2,2,2,2,0,0,0,0,0,0,0,0,0,0,0,0,0,0,0,0,0,1,1,277.9
0,0,0,0,0,0,0,0,0,1,1,1,5,5,4,0,0,0,0,0,0,0,2,2,2,0,0,0,0,0,0,1,1,377
0,0,0,0,0,0,0,0,0,1,1,1,3,3,2,0,0,0,0,0,0,0,2,2,2,0,0,0,0,0,0,1,1,284.1
0,0,0,0,0,0,0,0,0,3,3,3,5,5,2,3,3,3,0,0,0,0,0,0,0,0,0,0,0,0,0,1,1,206.9
0,0,0,2,2,2,0,0,0,1,1,1,5,5,4,0,0,0,0,0,0,0,0,0,0,2,2,2,2,0,0,1,1,274.5
0,0,0,0,0,0,0,0,0,2,2,2,3,3,1,0,0,0,0,0,0,0,0,0,0,6,6,6,6,0,0,1,-1,369.072
0,0,0,0,0,0,0,0,0,0,0,0,0,0,0,0,0,0,0,0,0,0,6,6,6,0,0,0,0,0,0,1,1,339.3
0,0,0,0,0,0,0,0,0,0,0,0,0,0,0,0,0,0,0,0,0,0,5,5,5,0,0,0,0,0,0,1,1,309.6
0,0,0,0,0,0,0,0,0,0,0,0,0,0,0,0,0,0,0,0,0,0,5,5,5,0,0,0,0,0,0,1,1,323.8
0,0,0,0,0,0,0,0,0,1,1,1,1,1,0,3,3,3,0,0,0,0,6,6,6,0,0,0,0,0,0,1,-1,365.344
0,0,0,0,0,0,0,0,0,0,0,0,0,0,0,0,0,0,0,0,0,0,5,5,5,0,0,0,0,0,0,1,1,350.6
0,0,0,0,0,0,0,0,0,0,0,0,0,0,0,0,0,0,0,0,0,0,5,5,5,0,0,0,0,0,0,1,1,228.4
0,0,0,0,0,0,0,0,0,1,1,1,3,3,2,2,2,2,0,0,0,0,0,0,0,0,0,0,0,0,0,1,-1,119.296
0,0,0,0,0,0,0,0,0,5,5,5,8,8,3,0,0,0,0,0,0,0,5,5,5,0,0,0,0,0,0,1,1,546.4
0,0,0,0,0,0,0,0,0,1,1,1,2,2,1,2,2,2,0,0,0,0,0,0,0,0,0,0,0,0,0,1,1,128
0,0,0,0,0,0,0,0,0,1,1,1,5,5,4,0,0,0,0,0,0,0,0,0,0,3,3,3,3,0,0,1,1,353.3
0,0,0,0,0,0,0,0,0,5,5,5,8,8,3,0,0,0,0,0,0,0,0,0,0,0,0,0,0,0,0,1,-1,225.544
0,0,0,0,0,0,0,0,0,0,0,0,0,0,0,0,0,0,0,0,0,0,6,6,6,0,0,0,0,0,0,1,1,300.9
0,0,0,0,0,0,0,0,0,1,1,1,3,3,2,0,0,0,0,0,0,0,3,3,3,0,0,0,0,0,0,1,1,290.7
0,0,0,0,0,0,0,0,0,2,2,2,3,3,1,0,0,0,0,0,0,0,2,2,2,0,0,0,0,0,0,1,1,244.9
0,0,0,0,0,0,0,0,0,4,4,4,10,10,6,0,0,0,0,0,0,0,0,0,0,0,0,0,0,0,0,1,1,351.2
0,0,0,0,0,0,0,0,0,1,1,1,2,2,1,2,2,2,0,0,0,0,0,0,0,0,0,0,0,0,0,1,1,120.7
0,0,0,0,0,0,0,0,0,0,0,0,0,0,0,0,0,0,0,0,0,0,3,3,3,0,0,0,0,0,0,1,1,165.7
0,0,0,0,0,0,0,0,0,0,0,0,0,0,0,0,0,0,0,0,0,0,5,5,5,0,0,0,0,0,0,1,1,450
0,0,0,0,0,0,0,0,0,2,2,2,4,4,2,0,0,0,0,0,0,0,0,0,0,0,0,0,0,0,0,1,1,235.5
0,0,0,0,0,0,0,0,0,0,0,0,0,0,0,0,0,0,0,0,0,0,5,5,5,0,0,0,0,0,0,1,1,291.6
0,0,0,0,0,0,0,0,0,0,0,0,4,4,4,0,0,0,0,0,0,0,0,0,0,0,0,0,0,0,0,1,1,133.6
0,0,0,0,0,0,0,0,0,2,2,2,4,4,2,1,1,1,0,0,0,0,0,0,0,0,0,0,0,0,0,1,1,194.5
0,0,0,0,0,0,0,0,0,0,0,0,0,0,0,0,0,0,0,0,0,0,5,5,5,0,0,0,0,0,0,1,1,287.7
0,0,0,0,0,0,0,0,0,2,2,2,2,2,0,0,0,0,0,0,0,0,0,0,0,0,0,0,0,0,0,1,1,80.7
0,0,0,0,0,0,0,0,0,1,1,1,7,7,6,0,0,0,0,0,0,0,1,1,1,0,0,0,0,0,0,1,1,205.8
0,0,0,0,0,0,0,0,0,2,2,2,4,4,2,0,0,0,0,0,0,0,5,5,5,0,0,0,0,0,0,1,1,415.9
0,0,0,0,0,0,0,0,0,3,3,3,5,5,2,4,4,4,0,0,0,0,0,0,0,0,0,0,0,0,0,1,1,321.3
0,0,0,0,0,0,0,0,0,0,0,0,3,3,3,0,0,0,0,0,0,0,5,5,5,0,0,0,0,0,0,1,1,427.4
0,0,0,0,0,0,0,0,0,0,0,0,8,8,8,0,0,0,0,0,0,0,0,0,0,0,0,0,0,0,0,1,1,318.7
0,0,0,0,0,0,0,0,0,4,4,4,4,4,0,0,0,0,0,0,0,0,6,6,6,0,0,0,0,0,0,1,1,400
0,0,0,0,0,0,0,0,0,2,2,2,7,7,5,2,2,2,0,0,0,0,0,0,0,0,0,0,0,0,0,1,1,356.1
0,0,0,0,0,0,0,0,0,0,0,0,0,0,0,0,0,0,0,0,0,0,3,3,3,0,0,0,0,0,0,1,1,249.8
0,0,0,0,0,0,0,0,0,1,1,1,5,5,4,3,3,3,0,0,0,0,0,0,0,0,0,0,0,0,0,1,1,247.8
0,0,0,0,0,0,0,0,0,1,1,1,1,1,0,3,3,3,0,0,0,0,5,5,5,0,0,0,0,0,0,1,1,432.3
0,0,0,0,0,0,0,0,0,0,0,0,0,0,0,0,0,0,0,0,0,0,2,2,2,0,0,0,0,0,0,1,1,147.6
0,0,0,0,0,0,0,0,0,5,5,5,8,8,3,0,0,0,0,0,0,0,5,5,5,0,0,0,0,0,0,1,1,489
0,0,0,0,0,0,2,2,2,6,6,6,8,8,2,0,0,0,0,0,0,0,0,0,0,0,0,0,0,0,0,1,-1,309.424
0,0,0,0,0,0,0,0,0,4,4,4,5,5,1,8,8,8,0,0,0,0,0,0,0,0,0,0,0,0,0,1,1,444.1
0,0,0,0,0,0,0,0,0,2,2,2,8,8,6,0,0,0,0,0,0,0,0,0,0,0,0,0,0,0,0,1,1,380.5
0,0,0,0,0,0,0,0,0,1,1,1,1,1,0,3,3,3,0,0,0,0,5,5,5,0,0,0,0,0,0,1,1,423.6
0,0,0,0,0,0,0,0,0,4,4,4,4,4,0,0,0,0,0,0,0,0,5,5,5,0,0,0,0,0,0,1,1,415.9
0,0,0,0,0,0,0,0,0,2,2,2,4,4,2,0,0,0,0,0,0,0,6,6,6,0,0,0,0,0,0,1,-1,421.264
0,0,0,0,0,0,0,0,0,0,0,0,0,0,0,0,0,0,0,0,0,0,2,2,2,0,0,0,0,0,0,1,1,144.5
0,0,0,2,2,2,0,0,0,1,1,1,4,4,3,0,0,0,1,1,1,0,0,0,0,1,1,1,1,0,0,1,1,216.5
0,0,0,7,7,7,0,0,0,3,3,3,4,4,1,0,0,0,0,0,0,0,2,2,2,0,0,0,0,0,0,1,-1,298.24
0,0,0,0,0,0,0,0,0,0,0,0,0,0,0,0,0,0,0,0,0,0,5,5,5,0,0,0,0,0,0,1,1,277.9
0,0,0,0,0,0,0,0,0,1,1,1,5,5,4,0,0,0,0,0,0,0,0,0,0,0,0,0,0,0,0,1,1,201.4
0,0,0,0,0,0,0,0,0,1,1,1,10,10,9,0,0,0,0,0,0,0,1,1,1,0,0,0,0,0,0,1,-1,223.68
0,0,0,0,0,0,0,0,0,7,7,7,12,12,5,0,0,0,0,0,0,0,0,0,0,0,0,0,0,0,0,1,1,342.9
0,0,0,0,0,0,0,0,0,2,2,2,4,4,2,0,0,0,0,0,0,0,2,2,2,0,0,0,0,0,0,1,1,260.1
0,0,0,4,4,4,0,0,0,4,4,4,6,6,2,3,3,3,0,0,0,0,0,0,0,0,0,0,0,0,0,1,-1,292.648
0,0,0,0,0,0,0,0,0,0,0,0,0,0,0,0,0,0,0,0,0,0,6,6,6,0,0,0,0,0,0,1,1,343.4
0,0,0,0,0,0,0,0,0,3,3,3,3,3,0,6,6,6,0,0,0,0,3,3,3,0,0,0,0,0,0,1,1,390.9
0,0,0,0,0,0,0,0,0,2,2,2,7,7,5,1,1,1,0,0,0,0,0,0,0,0,0,0,0,0,0,1,-1,193.856
0,0,0,0,0,0,0,0,0,0,0,0,4,4,4,0,0,0,0,0,0,0,5,5,5,0,0,0,0,0,0,1,1,395.8
0,0,0,0,0,0,0,0,0,1,1,1,1,1,0,3,3,3,0,0,0,0,0,0,0,0,0,0,0,0,0,1,1,108.1
0,0,0,0,0,0,2,2,2,2,2,2,3,3,1,0,0,0,0,0,0,0,5,5,5,0,0,0,0,0,0,1,-1,335.52
0,0,0,0,0,0,0,0,0,1,1,1,5,5,4,3,3,3,0,0,0,0,0,0,0,0,0,0,0,0,0,1,1,254.1
0,0,0,0,0,0,0,0,0,5,5,5,8,8,3,0,0,0,0,0,0,0,5,5,5,0,0,0,0,0,0,1,1,465.9
0,0,0,0,0,0,0,0,0,2,2,2,5,5,3,2,2,2,0,0,0,0,0,0,0,0,0,0,0,0,0,1,-1,206.904
0,0,0,0,0,0,0,0,0,0,0,0,0,0,0,0,0,0,0,0,0,0,1,1,1,0,0,0,0,0,0,1,1,67.4
0,0,0,0,0,0,0,0,0,0,0,0,1,1,1,0,0,0,0,0,0,0,4,4,4,0,0,0,0,0,0,1,1,359.5
0,0,0,0,0,0,0,0,0,4,4,4,4,4,0,9,9,9,0,0,0,0,0,0,0,0,0,0,0,0,0,1,-1,298.24
0,0,0,0,0,0,0,0,0,1,1,1,3,3,2,2,2,2,0,0,0,0,0,0,0,0,0,0,0,0,0,1,1,200.4
0,0,0,0,0,0,0,0,0,0,0,0,7,7,7,2,2,2,0,0,0,0,0,0,0,0,0,0,0,0,0,1,1,333.9
0,0,0,0,0,0,0,0,0,1,1,1,7,7,6,4,4,4,0,0,0,0,0,0,0,0,0,0,0,0,0,1,-1,238.592
0,0,0,0,0,0,0,0,0,2,2,2,8,8,6,0,0,0,0,0,0,0,0,0,0,0,0,0,0,0,0,1,1,376.9
0,0,0,0,0,0,0,0,0,1,1,1,3,3,2,2,2,2,0,0,0,0,4,4,4,0,0,0,0,0,0,1,1,394.9
0,0,0,0,0,0,0,0,0,5,5,5,6,6,1,6,6,6,0,0,0,0,0,0,0,0,0,0,0,0,0,1,-1,294.512
0,0,0,0,0,0,0,0,0,2,2,2,8,8,6,2,2,2,0,0,0,0,0,0,0,0,0,0,0,0,0,1,1,325.4
0,0,0,0,0,0,2,2,2,2,2,2,4,4,2,0,0,0,0,0,0,0,7,7,7,0,0,0,0,0,0,1,1,501.7
0,0,0,0,0,0,0,0,0,0,0,0,0,0,0,0,0,0,0,0,0,0,5,5,5,8,8,8,8,0,0,1,-1,359.752
0,0,0,0,0,0,0,0,0,0,0,0,0,0,0,0,0,0,0,0,0,0,5,5,5,0,0,0,0,0,0,1,1,248.6
0,0,0,0,0,0,0,0,0,3,3,3,8,8,5,0,0,0,0,0,0,0,0,0,0,0,0,0,0,0,0,1,1,290.9
0,0,0,0,0,0,0,0,0,2,2,2,7,7,5,0,0,0,0,0,0,0,0,0,0,0,0,0,0,0,0,1,-1,186.4
0,0,0,0,0,0,0,0,0,2,2,2,6,6,4,2,2,2,0,0,0,0,0,0,0,0,0,0,0,0,0,1,1,218.4
0,0,0,0,0,0,0,0,0,5,5,5,6,6,1,6,6,6,0,0,0,0,0,0,0,0,0,0,0,0,0,1,1,341.6
0,0,0,0,0,0,0,0,0,4,4,4,8,8,4,1,1,1,0,0,0,0,0,0,0,0,0,0,0,0,0,1,-1,206.904
1,1,1,0,0,0,0,0,0,0,0,0,5,5,5,0,0,0,0,0,0,0,2,2,2,0,0,0,0,0,0,1,1,262.4
0,0,0,0,0,0,0,0,0,1,1,1,6,6,5,0,0,0,0,0,0,0,0,0,0,0,0,0,0,0,0,1,1,289.2
0,0,0,0,0,0,0,0,0,2,2,2,7,7,5,0,0,0,0,0,0,0,0,0,0,0,0,0,0,0,0,1,1,259
0,0,0,0,0,0,0,0,0,5,5,5,8,8,3,0,0,0,0,0,0,0,2,2,2,0,0,0,0,0,0,1,1,351.9
0,0,0,2,2,2,0,0,0,2,2,2,8,8,6,2,2,2,0,0,0,0,0,0,0,0,0,0,0,0,0,1,-1,246.048
0,0,0,0,0,0,0,0,0,0,0,0,0,0,0,0,0,0,0,0,0,0,5,5,5,1,1,1,1,0,0,1,1,302
0,0,0,0,0,0,0,0,0,2,2,2,9,9,7,0,0,0,0,0,0,0,0,0,0,0,0,0,0,0,0,1,1,279.4
0,0,0,0,0,0,0,0,0,5,5,5,8,8,3,0,0,0,0,0,0,0,0,0,0,0,0,0,0,0,0,1,-1,251.64
0,0,0,0,0,0,0,0,0,1,1,1,7,7,6,0,0,0,0,0,0,0,0,0,0,0,0,0,0,0,0,1,1,300.4
0,0,0,0,0,0,0,0,0,1,1,1,7,7,6,0,0,0,0,0,0,0,0,0,0,0,0,0,0,0,0,1,1,272.1
0,0,0,0,0,0,0,0,0,0,0,0,0,0,0,0,0,0,0,0,0,0,6,6,6,0,0,0,0,0,0,1,-1,242.32
0,0,0,0,0,0,0,0,0,5,5,5,8,8,3,0,0,0,0,0,0,0,0,0,0,0,0,0,0,0,0,1,1,388.7
0,0,0,0,0,0,0,0,0,0,0,0,0,0,0,0,0,0,0,0,0,0,9,9,9,1,1,1,1,0,0,1,1,513.8
0,0,0,0,0,0,0,0,0,0,0,0,0,0,0,0,0,0,0,0,0,0,6,6,6,0,0,4,4,4,4,1,-1,434.312
0,0,0,0,0,0,0,0,0,0,0,0,3,3,3,0,0,0,0,0,0,0,4,4,4,1,1,1,1,0,0,1,1,323.2
0,0,0,0,0,0,0,0,0,4,4,4,10,10,6,0,0,0,0,0,0,0,0,0,0,0,0,0,0,0,0,1,-1,218.088
0,0,0,0,0,0,0,0,0,0,0,0,0,0,0,0,0,0,0,0,0,0,3,3,3,0,0,0,0,0,0,1,1,152.9
0,0,0,0,0,0,0,0,0,1,1,1,4,4,3,0,0,0,0,0,0,0,5,5,5,0,0,0,0,0,0,1,1,357.9
0,0,0,0,0,0,0,0,0,4,4,4,10,10,6,0,0,0,0,0,0,0,0,0,0,0,0,0,0,0,0,1,-1,251.64
0,0,0,0,0,0,0,0,0,4,4,4,7,7,3,0,0,0,0,0,0,0,0,0,0,0,0,0,0,0,0,1,1,231.6
0,0,0,0,0,0,7,7,7,4,4,4,5,5,1,0,0,0,0,0,0,0,0,0,0,0,0,0,0,0,0,1,-1,309.424
1,1,1,0,0,0,0,0,0,0,0,0,0,0,0,0,0,0,0,0,0,0,6,6,6,1,1,1,1,0,0,1,1,351.1
0,0,0,0,0,0,0,0,0,2,2,2,6,6,4,0,0,0,0,0,0,0,0,0,0,0,0,0,0,0,0,1,-1,149.12
0,0,0,0,0,0,0,0,0,1,1,1,5,5,4,0,0,0,0,0,0,0,0,0,0,0,0,0,0,0,0,1,1,156
0,0,0,0,0,0,0,0,0,1,1,1,6,6,5,2,2,2,0,0,0,0,0,0,0,0,0,0,0,0,0,1,-1,162.168
0,0,0,0,0,0,0,0,0,3,3,3,7,7,4,0,0,0,0,0,0,0,0,0,0,0,0,0,0,0,0,1,1,242.5
0,0,0,0,0,0,0,0,0,3,3,3,3,3,0,0,0,0,0,0,0,0,0,0,0,0,0,0,0,0,0,1,1,89.5
0,0,0,0,0,0,0,0,0,5,5,5,8,8,3,2,2,2,0,0,0,0,2,2,2,0,0,0,0,0,0,1,1,352.1
0,0,0,0,0,0,0,0,0,3,3,3,11,11,8,0,0,0,0,0,0,0,0,0,0,0,0,0,0,0,0,1,-1,644.944
0,0,0,0,0,0,0,0,0,4,4,4,4,4,0,0,0,0,0,0,0,0,3,3,3,0,0,0,0,0,0,1,1,350
0,0,0,2,2,2,0,0,0,2,2,2,10,10,8,0,0,0,0,0,0,0,0,0,0,0,0,0,0,0,0,1,-1,266.552
0,0,0,0,0,0,0,0,0,2,2,2,4,4,2,0,0,0,0,0,0,0,5,5,5,1,1,1,1,0,0,1,1,384.9
0,0,0,0,0,0,0,0,0,2,2,2,6,6,4,2,2,2,0,0,0,0,1,1,1,0,0,0,0,0,0,1,-1,175.216
0,0,0,0,0,0,0,0,0,4,4,4,7,7,3,0,0,0,0,0,0,0,0,0,0,0,0,0,0,0,0,1,1,239.7
0,0,0,0,0,0,0,0,0,5,5,5,8,8,3,0,0,0,0,0,0,0,0,0,0,0,0,0,0,0,0,1,-1,193.856
0,0,0,0,0,0,0,0,0,3,3,3,3,3,0,0,0,0,0,0,0,0,5,5,5,1,1,1,1,0,0,1,1,362.5
0,0,0,1,1,1,0,0,0,3,3,3,6,6,3,0,0,0,0,0,0,0,6,6,6,1,1,1,1,0,0,1,1,347.8
0,0,0,0,0,0,0,0,0,1,1,1,4,4,3,0,0,0,0,0,0,0,2,2,2,0,0,0,0,0,0,1,1,294
0,0,0,0,0,0,0,0,0,4,4,4,7,7,3,0,0,0,0,0,0,0,0,0,0,0,0,0,0,0,0,1,1,261.1
0,0,0,0,0,0,0,0,0,2,2,2,2,2,0,2,2,2,0,0,0,0,5,5,5,0,0,1,1,1,1,1,-1,525.648
0,0,0,0,0,0,0,0,0,1,1,1,7,7,6,0,0,0,0,0,0,0,0,0,0,0,0,0,0,0,0,1,-1,305.696
0,0,0,0,0,0,0,0,0,4,4,4,8,8,4,0,0,0,0,0,0,0,0,0,0,0,0,0,0,0,0,1,1,307.6
0,0,0,0,0,0,0,0,0,2,2,2,7,7,5,0,0,0,0,0,0,0,0,0,0,0,0,0,0,0,0,1,1,217.5
0,0,0,0,0,0,0,0,0,4,4,4,8,8,4,0,0,0,0,0,0,0,0,0,0,0,0,0,0,0,0,1,-1,242.32
0,0,0,0,0,0,2,2,2,5,5,5,5,5,0,4,4,4,0,0,0,2,0,0,0,0,0,0,0,0,0,1,-1,219.952
0,0,0,0,0,0,0,0,0,1,1,1,2,2,1,2,2,2,0,0,0,0,6,6,6,1,1,1,1,0,0,1,1,369.6
0,0,0,0,0,0,0,0,0,8,8,8,8,8,0,0,0,0,0,0,0,0,0,0,0,0,0,0,0,0,0,1,-1,231.136
0,0,0,0,0,0,7,7,7,6,6,6,8,8,2,0,0,0,0,0,0,0,0,0,0,0,0,0,0,0,0,1,-1,331.792
0,0,0,0,0,0,0,0,0,2,2,2,2,2,0,0,0,0,0,0,0,0,11,11,11,1,1,1,1,0,0,1,1,542.5
0,0,0,0,0,0,0,0,0,1,1,1,3,3,2,0,0,0,0,0,0,0,0,0,0,0,0,0,0,0,0,1,1,101.8
0,0,0,0,0,0,0,0,0,4,4,4,10,10,6,0,0,0,0,0,0,0,0,0,0,0,0,0,0,0,0,1,-1,197.584
0,0,0,0,0,0,0,0,0,1,1,1,4,4,3,0,0,0,0,0,0,0,6,6,6,0,0,0,0,0,0,1,-1,266.552
0,0,0,0,0,0,0,0,0,5,5,5,8,8,3,0,0,0,0,0,0,0,0,0,0,0,0,0,0,0,0,1,1,259.9
0,0,0,0,0,0,0,0,0,1,1,1,1,1,0,2,2,2,0,0,0,0,6,6,6,0,0,0,0,0,0,1,1,340.6
0,0,0,4,4,4,0,0,0,5,5,5,9,9,4,0,0,0,0,0,0,0,0,0,0,0,0,0,0,0,0,1,-1,279.6
0,0,0,2,2,2,0,0,0,2,2,2,8,8,6,2,2,2,0,0,0,0,0,0,0,0,0,0,0,0,0,1,-1,205.04
0,0,0,0,0,0,0,0,0,2,2,2,4,4,2,0,0,0,0,0,0,0,4,4,4,0,0,0,0,0,0,1,1,345.4
0,0,0,0,0,0,0,0,0,4,4,4,7,7,3,0,0,0,0,0,0,0,0,0,0,0,0,0,0,0,0,1,1,250.2
0,0,0,0,0,0,0,0,0,3,3,3,7,7,4,0,0,0,0,0,0,0,0,0,0,0,0,0,0,0,0,1,-1,111.84
0,0,0,0,0,0,0,0,0,4,4,4,7,7,3,0,0,0,0,0,0,0,1,1,1,0,0,0,0,0,0,1,-1,177.08
0,0,0,0,0,0,0,0,0,1,1,1,9,9,8,0,0,0,0,0,0,0,0,0,0,0,0,0,0,0,0,1,1,287.1
0,0,0,0,0,0,0,0,0,3,3,3,6,6,3,0,0,0,0,0,0,0,6,6,6,1,1,1,1,0,0,1,1,384.7
0,0,0,1,1,1,0,0,0,4,4,4,6,6,2,0,0,0,0,0,0,0,1,1,1,0,0,0,0,0,0,1,-1,270.28
0,0,0,0,0,0,0,0,0,1,1,1,7,7,6,0,0,0,0,0,0,0,0,0,0,0,0,0,0,0,0,1,-1,193.856
0,0,0,0,0,0,0,0,0,1,1,1,7,7,6,0,0,0,0,0,0,0,0,0,0,0,0,0,0,0,0,1,1,227.7
0,0,0,0,0,0,0,0,0,0,0,0,3,3,3,0,0,0,0,0,0,0,5,5,5,1,1,1,1,0,0,1,1,432.4
0,0,0,0,0,0,0,0,0,2,2,2,8,8,6,0,0,0,0,0,0,0,0,0,0,0,0,0,0,0,0,1,-1,219.952
0,0,0,0,0,0,0,0,0,2,2,2,7,7,5,0,0,0,0,0,0,0,0,0,0,0,0,0,0,0,0,1,-1,205.04
0,0,0,0,0,0,0,0,0,3,3,3,6,6,3,0,0,0,0,0,0,0,7,7,7,1,1,1,1,0,0,1,1,357.8
0,0,0,0,0,0,0,0,0,3,3,3,3,3,0,0,0,0,0,0,0,0,0,0,0,0,0,0,0,0,0,1,1,123.4
0,0,0,0,0,0,0,0,0,1,1,1,4,4,3,0,0,0,0,0,0,0,5,5,5,0,0,0,0,0,0,1,-1,294.512
0,0,0,0,0,0,0,0,0,3,3,3,4,4,1,4,4,4,0,0,0,0,0,0,0,0,0,0,0,0,0,1,-1,141.664
0,0,0,0,0,0,0,0,0,1,1,1,7,7,6,0,0,0,0,0,0,0,0,0,0,0,0,0,0,0,0,1,1,204.6
0,0,0,0,0,0,0,0,0,4,4,4,7,7,3,2,2,2,0,0,0,0,2,2,2,0,0,0,0,0,0,1,1,394.7
0,0,0,0,0,0,0,0,0,3,3,3,4,4,1,4,4,4,0,0,0,0,0,0,0,0,0,0,0,0,0,1,-1,177.08
0,0,0,0,0,0,0,0,0,3,3,3,8,8,5,0,0,0,0,0,0,0,0,0,0,0,0,0,0,0,0,1,-1,169.624
0,0,0,0,0,0,0,0,0,2,2,2,9,9,7,0,0,0,0,0,0,0,0,0,0,0,0,0,0,0,0,1,1,261.6
0,0,0,0,0,0,0,0,0,5,5,5,5,5,0,0,0,0,0,0,0,0,6,6,6,1,1,1,1,0,0,1,1,422.9
0,0,0,0,0,0,0,0,0,6,6,6,7,7,1,2,2,2,0,0,0,0,0,0,0,0,0,0,0,0,0,1,-1,234.864
0,0,0,0,0,0,0,0,0,0,0,0,0,0,0,0,0,0,0,0,0,0,4,4,4,0,0,0,0,0,0,1,-1,149.12
0,0,0,0,0,0,0,0,0,2,2,2,9,9,7,0,0,0,0,0,0,0,0,0,0,0,0,0,0,0,0,1,1,243.3
0,0,0,0,0,0,0,0,0,0,0,0,0,0,0,0,0,0,0,0,0,0,7,7,7,0,0,0,0,0,0,1,1,412.8
6,6,6,0,0,0,0,0,0,1,1,1,5,5,4,0,0,0,1,1,1,0,0,0,0,1,1,1,1,0,0,1,-1,249.776
0,0,0,0,0,0,0,0,0,3,3,3,6,6,3,2,2,2,0,0,0,0,0,0,0,0,0,0,0,0,0,1,-1,178.944
1,1,1,0,0,0,0,0,0,0,0,0,3,3,3,0,0,0,0,0,0,0,2,2,2,1,1,1,1,0,0,1,1,206.1
0,0,0,0,0,0,0,0,0,1,1,1,7,7,6,0,0,0,0,0,0,0,0,0,0,0,0,0,0,0,0,1,-1,175.216
0,0,0,0,0,0,0,0,0,2,2,2,8,8,6,0,0,0,0,0,0,0,0,0,0,0,0,0,0,0,0,1,-1,167.76
0,0,0,0,0,0,0,0,0,1,1,1,3,3,2,0,0,0,0,0,0,0,0,0,0,0,0,0,0,0,0,1,1,72.7
0,0,0,0,0,0,0,0,0,0,0,0,5,5,5,0,0,0,2,2,2,1,5,5,5,1,1,1,1,0,0,1,-1,361.616
0,0,0,0,0,0,0,0,0,0,0,0,7,7,7,0,0,0,0,0,0,0,0,0,0,0,0,0,0,0,0,1,-1,156.576
0,0,0,0,0,0,0,0,0,1,1,1,2,2,1,2,2,2,0,0,0,0,0,0,0,0,0,0,0,0,0,1,1,101.4
0,0,0,0,0,0,0,0,0,1,1,1,4,4,3,0,0,0,0,0,0,1,0,0,0,1,1,1,1,0,0,1,-1,158.44
1,1,1,0,0,0,0,0,0,1,1,1,5,5,4,0,0,0,2,2,2,1,6,6,6,1,1,1,1,0,0,1,-1,249.776
0,0,0,0,0,0,0,0,0,3,3,3,3,3,0,0,0,0,0,0,0,0,6,6,6,1,1,1,1,0,0,1,1,403.5
0,0,0,0,0,0,0,0,0,0,0,0,6,6,6,0,0,0,2,2,2,1,7,7,7,1,1,1,1,0,0,1,-1,406.352
0,0,0,0,0,0,2,2,2,2,2,2,10,10,8,1,1,1,0,0,0,0,0,0,0,0,0,0,0,0,0,1,-1,288.92
0,0,0,0,0,0,0,0,0,2,2,2,4,4,2,0,0,0,0,0,0,0,6,6,6,1,1,1,1,0,0,1,1,381
0,0,0,0,0,0,0,0,0,2,2,2,2,2,0,0,0,0,0,0,0,0,4,4,4,0,0,0,0,0,0,1,-1,337.384
0,0,0,0,0,0,0,0,0,1,1,1,4,4,3,0,0,0,0,0,0,0,0,0,0,0,0,0,0,0,0,-1,-1,119.296
0,0,0,0,0,0,0,0,0,4,4,4,6,6,2,0,0,0,0,0,0,0,6,6,6,1,1,1,1,0,0,1,1,415.7
0,0,0,0,0,0,0,0,0,2,2,2,5,5,3,0,0,0,2,2,2,2,0,0,0,7,7,7,7,0,0,1,-1,400.76
0,0,0,0,0,0,0,0,0,0,0,0,4,4,4,0,0,0,0,0,0,0,5,5,5,0,0,1,1,1,1,1,-1,309.424
0,0,0,0,0,0,0,0,0,1,1,1,3,3,2,0,0,0,0,0,0,0,4,4,4,1,1,1,1,0,0,1,1,344.5
0,0,0,0,0,0,0,0,0,2,2,2,9,9,7,0,0,0,0,0,0,0,0,0,0,0,0,0,0,0,0,-1,-1,307.56
0,0,0,0,0,0,0,0,0,6,6,6,7,7,1,2,2,2,0,0,0,0,0,0,0,0,0,0,0,0,0,-1,-1,236.728
0,0,0,0,0,0,0,0,0,0,0,0,3,3,3,0,0,0,0,0,0,0,5,5,5,1,1,1,1,0,0,1,1,385.1
0,0,0,0,0,0,0,0,0,1,1,1,1,1,0,0,0,0,0,0,0,0,0,0,0,0,0,0,0,0,0,-1,-1,162.168
0,0,0,0,0,0,0,0,0,9,9,9,9,9,0,0,0,0,0,0,0,0,0,0,0,0,0,0,0,0,0,1,-1,274.008
0,0,0,0,0,0,0,0,0,3,3,3,3,3,0,0,0,0,0,0,0,0,4,4,4,1,1,1,1,0,0,-1,1,355
2,2,2,0,0,0,0,0,0,1,1,1,3,3,2,0,0,0,0,0,0,0,5,5,5,0,0,1,1,1,1,-1,-1,419.4
6,6,6,0,0,0,0,0,0,0,0,0,4,4,4,0,0,0,0,0,0,0,0,0,0,0,0,0,0,0,0,1,-1,177.08
0,0,0,0,0,0,0,0,0,2,2,2,7,7,5,0,0,0,0,0,0,0,0,0,0,0,0,0,0,0,0,1,1,242.7
0,0,0,0,0,0,0,0,0,1,1,1,6,6,5,2,2,2,0,0,0,0,0,0,0,0,0,0,0,0,0,1,-1,184.536
0,0,0,0,0,0,0,0,0,2,2,2,4,4,2,0,0,0,0,0,0,0,0,0,0,0,0,0,0,0,0,-1,-1,111.84
0,0,0,0,0,0,0,0,0,3,3,3,3,3,0,0,0,0,0,0,0,0,6,6,6,1,1,1,1,0,0,1,1,414.7
0,0,0,0,0,0,0,0,0,6,6,6,10,10,4,0,0,0,0,0,0,0,0,0,0,0,0,0,0,0,0,1,-1,328.064
0,0,0,0,0,0,0,0,0,3,3,3,8,8,5,2,2,2,0,0,0,0,0,0,0,0,0,0,0,0,0,1,-1,227.408
0,0,0,0,0,0,0,0,0,0,0,0,3,3,3,0,0,0,0,0,0,0,6,6,6,0,0,0,0,0,0,1,1,356.3
0,0,0,4,4,4,0,0,0,2,2,2,4,4,2,3,3,3,0,0,0,0,0,0,0,0,0,0,0,0,0,1,-1,246.048
0,0,0,0,0,0,0,0,0,9,9,9,9,9,0,0,0,0,0,0,0,0,0,0,0,0,0,0,0,0,0,1,-1,266.552
0,0,0,0,0,0,0,0,0,2,2,2,4,4,2,0,0,0,0,0,0,0,0,0,0,0,0,0,0,0,0,1,1,162
0,0,0,2,2,2,0,0,0,5,5,5,9,9,4,0,0,0,0,0,0,0,0,0,0,0,0,0,0,0,0,1,-1,264.688
0,0,0,1,1,1,0,0,0,1,1,1,8,8,7,0,0,0,0,0,0,0,6,6,6,0,0,0,0,0,0,1,-1,378.392
0,0,0,1,1,1,0,0,0,2,2,2,3,3,1,2,2,2,0,0,0,0,1,1,1,0,0,0,0,0,0,1,1,191.3
0,0,0,0,0,0,0,0,0,0,0,0,0,0,0,0,0,0,0,0,0,0,6,6,6,0,0,0,0,0,0,1,-1,262.824
0,0,0,2,2,2,0,0,0,2,2,2,8,8,6,2,2,2,0,0,0,0,0,0,0,0,0,0,0,0,0,1,-1,285.192
0,0,0,0,0,0,0,0,0,3,3,3,5,5,2,2,2,2,0,0,0,0,0,0,0,0,0,0,0,0,0,1,1,219.4
0,0,0,0,0,0,0,0,0,1,1,1,6,6,5,2,2,2,0,0,0,0,0,0,0,0,0,0,0,0,0,1,-1,188.264
0,0,0,0,0,0,0,0,0,3,3,3,5,5,2,2,2,2,0,0,0,0,0,0,0,0,0,0,0,0,0,1,-1,201.312
0,0,0,0,0,0,0,0,0,0,0,0,3,3,3,0,0,0,0,0,0,0,1,1,1,1,1,1,1,0,0,-1,1,154.2
1,1,1,0,0,0,0,0,0,1,1,1,4,4,3,0,0,0,0,0,0,0,0,0,0,0,0,6,6,6,6,1,-1,365.344
0,0,0,0,0,0,0,0,0,4,4,4,10,10,6,0,0,0,0,0,0,0,0,0,0,0,0,0,0,0,0,1,-1,305.696
0,0,0,0,0,0,0,0,0,0,0,0,3,3,3,0,0,0,0,0,0,0,0,0,0,0,0,0,0,0,0,-1,1,141.1
0,0,0,0,0,0,0,0,0,3,3,3,10,10,7,2,2,2,0,0,0,0,0,0,0,0,0,3,3,3,3,1,-1,320.608
0,0,0,2,2,2,0,0,0,5,5,5,9,9,4,0,0,0,0,0,0,0,0,0,0,0,0,0,0,0,0,1,-1,249.776
0,0,0,0,0,0,0,0,0,4,4,4,6,6,2,0,0,0,0,0,0,0,5,5,5,0,0,0,0,0,0,1,1,423.3
0,0,0,0,0,0,0,0,0,5,5,5,8,8,3,0,0,0,0,0,0,0,0,0,0,0,0,0,0,0,0,1,-1,259.096
0,0,0,4,4,4,0,0,0,3,3,3,6,6,3,3,3,3,0,0,0,0,0,0,0,0,0,0,0,0,0,1,-1,234.864
0,0,0,0,0,0,0,0,0,4,4,4,4,4,0,0,0,0,0,0,0,0,6,6,6,1,1,1,1,0,0,1,1,485.8
0,0,0,0,0,0,0,0,0,2,2,2,7,7,5,0,0,0,0,0,0,0,0,0,0,0,0,0,0,0,0,1,-1,212.496
0,0,0,0,0,0,0,0,0,1,1,1,6,6,5,2,2,2,0,0,0,0,0,0,0,0,0,0,0,0,0,1,-1,152.848
0,0,0,0,0,0,0,0,0,1,1,1,3,3,2,0,0,0,0,0,0,0,5,5,5,1,1,1,1,0,0,1,1,328.7
0,0,0,0,0,0,0,0,0,4,4,4,4,4,0,0,0,0,0,0,0,0,0,0,0,0,0,0,0,0,0,1,-1,89.472
0,0,0,0,0,0,0,0,0,2,2,2,2,2,0,2,2,2,0,0,0,0,5,5,5,0,0,0,0,0,0,1,-1,253.504
0,0,0,0,0,0,0,0,0,1,1,1,8,8,7,0,0,0,0,0,0,0,0,0,0,0,0,0,0,0,0,1,1,190.8
0,0,0,0,0,0,0,0,0,0,0,0,0,0,0,0,0,0,0,0,0,0,6,6,6,0,0,0,0,0,0,1,-1,307.56
0,0,0,0,0,0,0,0,0,2,2,2,8,8,6,0,0,0,0,0,0,0,0,0,0,0,0,0,0,0,0,1,-1,231.136
0,0,0,0,0,0,0,0,0,5,5,5,8,8,3,2,2,2,0,0,0,0,2,2,2,0,0,0,0,0,0,1,1,394.9
0,0,0,0,0,0,0,0,0,1,1,1,4,4,3,0,0,0,0,0,0,0,6,6,6,0,0,0,0,0,0,1,-1,309.424
0,0,0,0,0,0,0,0,0,5,5,5,8,8,3,0,0,0,0,0,0,0,0,0,0,0,0,0,0,0,0,1,-1,190.128
0,0,0,0,0,0,0,0,0,5,5,5,5,5,0,0,0,0,0,0,0,0,0,0,0,0,0,0,0,0,0,1,1,224.4
0,0,0,0,0,0,0,0,0,6,6,6,10,10,4,0,0,0,0,0,0,0,0,0,0,0,0,0,0,0,0,1,-1,251.64
0,0,0,0,0,0,0,0,0,2,2,2,8,8,6,0,0,0,0,0,0,0,0,0,0,0,0,0,0,0,0,1,1,269.9
0,0,0,0,0,0,0,0,0,0,0,0,0,0,0,0,0,0,0,0,0,0,4,4,4,0,0,0,0,0,0,1,-1,156.576
9,9,9,0,0,0,0,0,0,0,0,0,0,0,0,0,0,0,0,0,0,0,0,0,0,0,0,0,0,0,0,1,-1,231.136
0,0,0,0,0,0,0,0,0,7,7,7,9,9,2,0,0,0,0,0,0,0,0,0,0,0,0,0,0,0,0,1,-1,231.136
0,0,0,0,0,0,0,0,0,5,5,5,5,5,0,0,0,0,0,0,0,0,6,6,6,1,1,1,1,0,0,1,1,368.8
0,0,0,0,0,0,0,0,0,1,1,1,4,4,3,0,0,0,0,0,0,0,7,7,7,0,0,0,0,0,0,1,-1,290.784
0,0,0,0,0,0,0,0,0,5,5,5,8,8,3,0,0,0,0,0,0,0,0,0,0,0,0,0,0,0,0,1,1,272.3
0,0,0,0,0,0,0,0,0,2,2,2,2,2,0,0,0,0,0,0,0,0,6,6,6,0,0,0,0,0,0,1,-1,313.152
0,0,0,0,0,0,0,0,0,2,2,2,4,4,2,2,2,2,0,0,0,0,0,0,0,0,0,0,0,0,0,1,1,250.2
0,0,0,0,0,0,0,0,0,1,1,1,6,6,5,0,0,0,0,0,0,0,0,0,0,0,0,0,0,0,0,-1,-1,214.36
0,0,0,0,0,0,0,0,0,2,2,2,7,7,5,0,0,0,0,0,0,0,0,0,0,0,0,0,0,0,0,-1,1,258.6
0,0,0,0,0,0,0,0,0,0,0,0,0,0,0,0,0,0,0,0,0,0,5,5,5,0,0,0,0,0,0,-1,-1,225.544
0,0,0,0,0,0,0,0,0,4,4,4,7,7,3,0,0,0,0,0,0,0,1,1,1,1,1,1,1,0,0,-1,1,339.2
0,0,0,0,0,0,0,0,0,0,0,0,5,5,5,0,0,0,2,2,2,1,1,1,1,1,1,1,1,0,0,-1,-1,195.72
0,0,0,0,0,0,0,0,0,1,1,1,3,3,2,0,0,0,0,0,0,0,2,2,2,1,1,1,1,0,0,-1,1,268.9
0,0,0,0,0,0,0,0,0,4,4,4,7,7,3,0,0,0,0,0,0,0,0,0,0,0,0,0,0,0,0,1,-1,253.504
0,0,0,0,0,0,0,0,0,2,2,2,4,4,2,2,2,2,0,0,0,0,0,0,0,0,0,0,0,0,0,1,-1,150.984
0,0,0,2,2,2,0,0,0,4,4,4,7,7,3,2,2,2,0,0,0,0,0,0,0,0,0,0,0,0,0,1,-1,199.448
0,0,0,2,2,2,0,0,0,4,4,4,7,7,3,0,0,0,0,0,0,0,0,0,0,0,0,0,0,0,0,-1,-1,309.424
0,0,0,0,0,0,0,0,0,3,3,3,8,8,5,0,0,0,0,0,0,0,0,0,0,0,0,0,0,0,0,-1,-1,294.512
0,0,0,0,0,0,0,0,0,2,2,2,2,2,0,2,2,2,0,0,0,0,7,7,7,0,0,0,0,0,0,-1,-1,342.976
0,0,0,0,0,0,0,0,0,2,2,2,2,2,0,0,0,0,0,0,0,0,10,10,10,1,1,1,1,0,0,1,-1,467.864
0,0,0,0,0,0,0,0,0,1,1,1,4,4,3,0,0,0,0,0,0,0,0,0,0,0,0,0,0,0,0,-1,-1,292.648
0,0,0,0,0,0,0,0,0,2,2,2,7,7,5,2,2,2,0,0,0,0,0,0,0,0,0,0,0,0,0,-1,-1,311.288
0,0,0,0,0,0,1,1,1,1,1,1,4,4,3,0,0,0,0,0,0,0,5,5,5,0,0,0,0,0,0,-1,-1,520.056
0,0,0,0,0,0,0,0,0,1,1,1,2,2,1,2,2,2,0,0,0,0,5,5,5,0,0,0,0,0,0,-1,-1,380.256
0,0,0,0,0,0,2,2,2,2,2,2,7,7,5,1,1,1,0,0,0,0,0,0,0,0,0,0,0,0,0,-1,-1,315.016
0,0,0,0,0,0,0,0,0,6,6,6,8,8,2,0,0,0,0,0,0,0,0,0,0,0,0,0,0,0,0,-1,-1,395.168
0,0,0,0,0,0,0,0,0,0,0,0,3,3,3,0,0,0,0,0,0,0,4,4,4,0,0,0,0,0,0,-1,-1,346.704
0,0,0,0,0,0,7,7,7,5,5,5,5,5,0,0,0,0,0,0,0,0,0,0,0,0,0,0,0,0,0,-1,-1,382.12
0,0,0,0,0,0,7,7,7,6,6,6,8,8,2,0,0,0,0,0,0,0,0,0,0,0,0,0,0,0,0,-1,-1,387.712
0,0,0,0,0,0,7,7,7,5,5,5,7,7,2,0,0,0,0,0,0,0,0,0,0,0,0,0,0,0,0,1,-1,400.76
0,0,0,0,0,0,0,0,0,1,1,1,4,4,3,1,1,1,0,0,0,0,0,0,0,0,0,0,0,0,0,-1,-1,318.744
0,0,0,2,2,2,0,0,0,4,4,4,7,7,3,0,0,0,0,0,0,0,0,0,0,0,0,0,0,0,0,-1,-1,363.48
0,0,0,0,0,0,0,0,0,1,1,1,4,4,3,0,0,0,0,0,0,0,0,0,0,0,0,0,0,0,0,-1,-1,126.752
0,0,0,0,0,0,0,0,0,6,6,6,6,6,0,0,0,0,0,0,0,0,0,0,0,0,0,0,0,0,0,-1,-1,290.784
0,0,0,0,0,0,0,0,0,3,3,3,3,3,0,0,0,0,0,0,0,0,5,5,5,0,0,0,0,0,0,-1,-1,255.368
0,0,0,0,0,0,0,0,0,4,4,4,7,7,3,0,0,0,0,0,0,0,0,0,0,0,0,0,0,0,0,1,-1,208.768
0,0,0,0,0,0,2,2,2,2,2,2,4,4,2,0,0,0,2,2,2,1,0,0,0,0,0,0,0,0,0,-1,-1,190.128
0,0,0,0,0,0,0,0,0,5,5,5,5,5,0,0,0,0,0,0,0,1,0,0,0,1,1,1,1,0,0,-1,-1,221.816
9,9,9,2,2,2,0,0,0,1,1,1,1,1,0,0,0,0,0,0,0,0,0,0,0,0,0,0,0,0,0,-1,-1,294.512
0,0,0,0,0,0,0,0,0,5,5,5,5,5,0,0,0,0,0,0,0,0,0,0,0,0,0,0,0,0,0,-1,-1,212.496
0,0,0,0,0,0,0,0,0,3,3,3,6,6,3,2,2,2,0,0,0,0,0,0,0,0,0,0,0,0,0,-1,-1,249.776
0,0,0,0,0,0,0,0,0,6,6,6,7,7,1,2,2,2,0,0,0,0,0,0,0,0,0,0,0,0,0,-1,-1,324.336
0,0,0,0,0,0,0,0,0,3,3,3,6,6,3,2,2,2,0,0,0,0,0,0,0,0,0,0,0,0,0,-1,-1,221.816
0,0,0,0,0,0,0,0,0,0,0,0,3,3,3,0,0,0,0,0,0,0,0,0,0,0,0,5,5,5,5,-1,-1,305.696
0,0,0,0,0,0,0,0,0,1,1,1,4,4,3,0,0,0,2,2,2,1,0,0,0,2,2,2,2,0,0,-1,-1,262.824
0,0,0,0,0,0,0,0,0,3,3,3,6,6,3,2,2,2,0,0,0,0,0,0,0,0,0,0,0,0,0,-1,-1,251.64
0,0,0,2,2,2,0,0,0,4,4,4,6,6,2,0,0,0,0,0,0,0,3,3,3,0,0,0,0,0,0,-1,-1,376.528
0,0,0,0,0,0,0,0,0,0,0,0,0,0,0,0,0,0,0,0,0,0,5,5,5,0,0,0,0,0,0,1,-1,175.216
0,0,0,0,0,0,2,2,2,2,2,2,11,11,9,1,1,1,0,0,0,0,0,0,0,0,0,0,0,0,0,-1,-1,277.736
0,0,0,0,0,0,0,0,0,0,0,0,3,3,3,0,0,0,0,0,0,0,0,0,0,0,0,0,0,0,0,-1,-1,124.888
0,0,0,1,1,1,0,0,0,0,0,0,4,4,4,0,0,0,0,0,0,0,0,0,0,0,0,0,0,0,0,-1,-1,78.288
0,0,0,2,2,2,0,0,0,3,3,3,7,7,4,0,0,0,0,0,0,0,1,1,1,0,0,0,0,0,0,-1,-1,272.144
0,0,0,0,0,0,0,0,0,3,3,3,7,7,4,2,2,2,0,0,0,0,0,0,0,0,0,0,0,0,0,-1,-1,164.032
0,0,0,0,0,0,0,0,0,1,1,1,6,6,5,0,0,0,0,0,0,0,1,1,1,0,0,0,0,0,0,1,-1,171.488
0,0,0,0,0,0,0,0,0,0,0,0,0,0,0,0,0,0,0,0,0,0,0,0,0,1,1,1,1,0,0,1,-1,20.504
0,0,0,0,0,0,0,0,0,1,1,1,3,3,2,0,0,0,0,0,0,0,5,5,5,0,0,1,1,1,1,-1,-1,430.584
0,0,0,0,0,0,0,0,0,2,2,2,2,2,0,2,2,2,0,0,0,0,0,0,0,0,0,0,0,0,0,-1,-1,147.256
0,0,0,0,0,0,0,0,0,4,4,4,8,8,4,2,2,2,0,0,0,0,0,0,0,0,0,0,0,0,0,-1,-1,283.328
6,6,6,0,0,0,0,0,0,3,3,3,4,4,1,0,0,0,0,0,0,0,2,2,2,0,0,0,0,0,0,1,-1,285.192
0,0,0,0,0,0,0,0,0,2,2,2,3,3,1,0,0,0,0,0,0,0,6,6,6,0,0,0,0,0,0,1,-1,279.6
0,0,0,1,1,1,0,0,0,5,5,5,8,8,3,0,0,0,0,0,0,0,0,0,0,0,0,0,0,0,0,1,-1,231.136
0,0,0,0,0,0,0,0,0,7,7,7,7,7,0,0,0,0,0,0,0,0,0,0,0,0,0,0,0,0,0,1,-1,115.568
0,0,0,0,0,0,0,0,0,1,1,1,7,7,6,0,0,0,0,0,0,0,6,6,6,0,0,0,0,0,0,1,-1,316.88
0,0,0,0,0,0,0,0,0,0,0,0,0,0,0,0,0,0,0,0,0,0,6,6,6,0,0,0,0,0,0,1,-1,212.496
0,0,0,0,0,0,0,0,0,5,5,5,5,5,0,0,0,0,0,0,0,0,0,0,0,0,0,0,0,0,0,1,-1,152.848
0,0,0,0,0,0,0,0,0,4,4,4,6,6,2,0,0,0,0,0,0,0,0,0,0,0,0,0,0,0,0,1,-1,184.536
0,0,0,0,0,0,0,0,0,4,4,4,6,6,2,0,0,0,0,0,0,0,2,2,2,0,0,0,0,0,0,-1,-1,281.464
0,0,0,0,0,0,0,0,0,2,2,2,4,4,2,1,1,1,0,0,0,0,0,0,0,0,0,0,0,0,0,-1,-1,145.392
0,0,0,0,0,0,0,0,0,1,1,1,8,8,7,0,0,0,0,0,0,0,0,0,0,0,0,0,0,0,0,1,-1,238.592
0,0,0,1,1,1,0,0,0,3,3,3,7,7,4,0,0,0,0,0,0,0,0,0,0,0,0,0,0,0,0,-1,-1,186.4
9,9,9,0,0,0,0,0,0,2,2,2,3,3,1,0,0,0,0,0,0,0,0,0,0,0,0,0,0,0,0,1,-1,201.312
0,0,0,0,0,0,0,0,0,4,4,4,8,8,4,0,0,0,0,0,0,0,0,0,0,0,0,0,0,0,0,1,-1,180.808
0,0,0,0,0,0,0,0,0,5,5,5,9,9,4,0,0,0,0,0,0,0,0,0,0,0,0,0,0,0,0,1,-1,227.408
0,0,0,0,0,0,0,0,0,4,4,4,7,7,3,0,0,0,0,0,0,0,0,0,0,0,0,0,0,0,0,1,-1,149.12
9,9,9,1,1,1,0,0,0,0,0,0,4,4,4,0,0,0,0,0,0,0,0,0,0,0,0,0,0,0,0,1,-1,210.632
0,0,0,2,2,2,0,0,0,4,4,4,6,6,2,0,0,0,0,0,0,0,0,0,0,0,0,0,0,0,0,1,-1,175.216
0,0,0,0,0,0,0,0,0,1,1,1,7,7,6,0,0,0,0,0,0,0,0,0,0,0,0,0,0,0,0,-1,-1,165.896
0,0,0,0,0,0,0,0,0,3,3,3,5,5,2,0,0,0,0,0,0,0,0,0,0,0,0,0,0,0,0,-1,-1,149.12
0,0,0,2,2,2,0,0,0,1,1,1,8,8,7,0,0,0,0,0,0,0,1,1,1,0,0,0,0,0,0,1,-1,266.552
0,0,0,0,0,0,0,0,0,0,0,0,4,4,4,0,0,0,0,0,0,0,0,0,0,0,0,0,0,0,0,1,-1,83.88
0,0,0,0,0,0,0,0,0,4,4,4,8,8,4,1,1,1,0,0,0,0,0,0,0,0,0,0,0,0,0,1,-1,238.592
6,6,6,0,0,0,0,0,0,1,1,1,6,6,5,0,0,0,0,0,0,0,1,1,1,0,0,0,0,0,0,1,-1,227.408
0,0,0,0,0,0,0,0,0,6,6,6,8,8,2,2,2,2,0,0,0,0,0,0,0,0,0,0,0,0,0,-1,-1,246.048
0,0,0,3,3,3,0,0,0,1,1,1,5,5,4,0,0,0,0,0,0,0,0,0,0,0,0,0,0,0,0,-1,-1,201.312
0,0,0,0,0,0,0,0,0,4,4,4,9,9,5,0,0,0,0,0,0,0,0,0,0,0,0,0,0,0,0,1,-1,260.96
0,0,0,0,0,0,0,0,0,2,2,2,2,2,0,2,2,2,0,0,0,0,3,3,3,0,0,0,0,0,0,-1,-1,219.952
0,0,0,0,0,0,0,0,0,0,0,0,4,4,4,0,0,0,2,2,2,1,0,0,0,0,0,0,0,0,0,1,-1,98.792
9,9,9,0,0,0,0,0,0,5,5,5,5,5,0,0,0,0,0,0,0,0,0,0,0,0,0,0,0,0,0,1,-1,246.048
13,13,13,0,0,0,0,0,0,2,2,2,3,3,1,0,0,0,0,0,0,0,0,0,0,0,0,0,0,0,0,1,-1,145.392
0,0,0,0,0,0,0,0,0,1,1,1,5,5,4,0,0,0,0,0,0,0,3,3,3,0,0,0,0,0,0,-1,-1,320.608
9,9,9,0,0,0,0,0,0,0,0,0,3,3,3,0,0,0,0,0,0,0,0,0,0,0,0,0,0,0,0,-1,-1,223.68
0,0,0,3,3,3,0,0,0,2,2,2,10,10,8,0,0,0,0,0,0,0,2,2,2,0,0,0,0,0,0,1,-1,234.864
0,0,0,0,0,0,0,0,0,2,2,2,3,3,1,2,2,2,4,4,4,2,1,1,1,0,0,2,2,2,2,1,-1,242.32
0,0,0,0,0,0,2,2,2,5,5,5,6,6,1,5,5,5,0,0,0,0,0,0,0,0,0,0,0,0,0,1,-1,290.784
0,0,0,0,0,0,0,0,0,1,1,1,8,8,7,0,0,0,0,0,0,0,0,0,0,0,0,0,0,0,0,1,-1,173.352
9,9,9,0,0,0,0,0,0,1,1,1,2,2,1,0,0,0,0,0,0,1,2,2,2,0,0,0,0,0,0,1,-1,300.104
1,1,1,0,0,0,0,0,0,1,1,1,4,4,3,0,0,0,0,0,0,0,0,0,0,0,0,2,2,2,2,1,-1,85.744
6,6,6,0,0,0,0,0,0,0,0,0,0,0,0,0,0,0,0,0,0,0,5,5,5,0,0,0,0,0,0,1,-1,279.6
0,0,0,0,0,0,0,0,0,0,0,0,3,3,3,0,0,0,0,0,0,0,0,0,0,0,0,0,0,0,0,1,-1,61.512
13,13,13,0,0,0,0,0,0,2,2,2,7,7,5,0,0,0,0,0,0,0,2,2,2,0,0,0,0,0,0,1,-1,342.976
0,0,0,0,0,0,0,0,0,0,0,0,0,0,0,0,0,0,4,4,4,2,0,0,0,0,0,0,0,0,0,1,-1,55.92
0,0,0,0,0,0,0,0,0,0,0,0,4,4,4,0,0,0,0,0,0,0,0,0,0,0,0,0,0,0,0,1,-1,87.608
9,9,9,0,0,0,0,0,0,4,4,4,4,4,0,0,0,0,0,0,0,0,0,0,0,0,0,0,0,0,0,1,-1,182.672
0,0,0,0,0,0,0,0,0,2,2,2,6,6,4,0,0,0,0,0,0,0,2,2,2,0,0,0,0,0,0,1,-1,233
0,0,0,0,0,0,0,0,0,5,5,5,5,5,0,0,0,0,0,0,0,0,0,0,0,0,0,0,0,0,0,1,-1,169.624
9,9,9,0,0,0,0,0,0,0,0,0,4,4,4,0,0,0,0,0,0,0,0,0,0,0,0,0,0,0,0,1,-1,149.12
0,0,0,0,0,0,0,0,0,7,7,7,7,7,0,2,2,2,0,0,0,0,0,0,0,0,0,0,0,0,0,1,-1,221.816
8,8,8,0,0,0,0,0,0,0,0,0,4,4,4,0,0,0,0,0,0,0,0,0,0,0,0,0,0,0,0,1,-1,180.808
0,0,0,0,0,0,0,0,0,1,1,1,9,9,8,0,0,0,0,0,0,0,0,0,0,0,0,0,0,0,0,1,-1,167.76
0,0,0,0,0,0,0,0,0,2,2,2,4,4,2,2,2,2,2,2,2,7,0,0,0,0,0,0,0,0,0,1,-1,225.544
0,0,0,0,0,0,0,0,0,3,3,3,7,7,4,0,0,0,0,0,0,0,0,0,0,0,0,0,0,0,0,1,-1,164.032
7,7,7,0,0,0,0,0,0,4,4,4,6,6,2,0,0,0,0,0,0,0,0,0,0,0,0,0,0,0,0,1,-1,186.4
9,9,9,0,0,0,0,0,0,0,0,0,0,0,0,0,0,0,0,0,0,1,0,0,0,0,0,3,3,3,3,1,-1,173.352
0,0,0,0,0,0,0,0,0,4,4,4,4,4,0,4,4,4,0,0,0,0,0,0,0,0,0,0,0,0,0,1,-1,137.936
0,0,0,0,0,0,0,0,0,1,1,1,7,7,6,0,0,0,0,0,0,0,0,0,0,0,0,0,0,0,0,1,-1,123.024
9,9,9,0,0,0,0,0,0,0,0,0,4,4,4,0,0,0,0,0,0,0,0,0,0,0,0,0,0,0,0,1,-1,171.488
0,0,0,0,0,0,0,0,0,3,3,3,7,7,4,2,2,2,0,0,0,0,0,0,0,0,0,0,0,0,0,1,-1,242.32
0,0,0,0,0,0,0,0,0,7,7,7,7,7,0,0,0,0,0,0,0,2,0,0,0,0,0,0,0,0,0,1,-1,182.672
0,0,0,0,0,0,0,0,0,1,1,1,6,6,5,0,0,0,0,0,0,0,1,1,1,0,0,0,0,0,0,1,-1,171.488
0,0,0,0,0,0,0,0,0,2,2,2,6,6,4,0,0,0,0,0,0,0,2,2,2,0,0,0,0,0,0,1,-1,173.352
1,1,1,0,0,0,0,0,0,1,1,1,4,4,3,0,0,0,0,0,0,0,0,0,0,0,0,2,2,2,2,1,-1,201.312
0,0,0,0,0,0,0,0,0,3,3,3,4,4,1,0,0,0,0,0,0,0,0,0,0,0,0,0,0,0,0,1,-1,206.904
0,0,0,0,0,0,0,0,0,6,6,6,6,6,0,2,2,2,0,0,0,0,0,0,0,0,0,0,0,0,0,1,-1,182.672
9,9,9,0,0,0,0,0,0,0,0,0,4,4,4,0,0,0,0,0,0,0,0,0,0,0,0,0,0,0,0,1,-1,186.4
1,1,1,0,0,0,0,0,0,3,3,3,6,6,3,2,2,2,0,0,0,0,0,0,0,0,0,2,2,2,2,1,-1,292.648
9,9,9,0,0,0,0,0,0,0,0,0,4,4,4,0,0,0,0,0,0,0,0,0,0,0,0,0,0,0,0,1,-1,171.488
5,5,5,0,0,0,0,0,0,4,4,4,6,6,2,0,0,0,0,0,0,0,0,0,0,0,0,0,0,0,0,1,-1,165.896
0,0,0,0,0,0,0,0,0,1,1,1,7,7,6,0,0,0,0,0,0,0,0,0,0,0,0,0,0,0,0,1,-1,266.552
9,9,9,0,0,0,0,0,0,0,0,0,4,4,4,0,0,0,0,0,0,0,0,0,0,0,0,0,0,0,0,1,-1,221.816
0,0,0,0,0,0,0,0,0,2,2,2,3,3,1,0,0,0,0,0,0,0,0,0,0,0,0,0,0,0,0,1,-1,154.712
0,0,0,3,3,3,0,0,0,0,0,0,4,4,4,0,0,0,0,0,0,0,1,1,1,0,0,0,0,0,0,1,-1,294.512
0,0,0,0,0,0,0,0,0,3,3,3,3,3,0,0,0,0,0,0,0,0,0,0,0,0,0,0,0,0,0,1,-1,124.888
0,0,0,0,0,0,0,0,0,1,1,1,7,7,6,0,0,0,0,0,0,0,0,0,0,0,0,0,0,0,0,1,-1,154.712
0,0,0,0,0,0,0,0,0,1,1,1,7,7,6,0,0,0,0,0,0,0,0,0,0,0,0,0,0,0,0,1,-1,300.104
3,3,3,0,0,0,0,0,0,1,1,1,5,5,4,0,0,0,0,0,0,0,0,0,0,0,0,0,0,0,0,1,-1,184.536
11,11,11,0,0,0,0,0,0,0,0,0,0,0,0,0,0,0,0,0,0,0,0,0,0,0,0,0,0,0,0,1,-1,100.656
0,0,0,0,0,0,0,0,0,0,0,0,0,0,0,0,0,0,0,0,0,0,5,5,5,0,0,0,0,0,0,1,-1,389.576
0,0,0,0,0,0,0,0,0,0,0,0,0,0,0,0,0,0,0,0,0,0,5,5,5,0,0,0,0,0,0,1,-1,255.368
6,6,6,0,0,0,0,0,0,1,1,1,4,4,3,0,0,0,0,0,0,0,0,0,0,0,0,2,2,2,2,1,-1,421.264
9,9,9,0,0,0,0,0,0,0,0,0,0,0,0,0,0,0,0,0,0,0,0,0,0,0,0,0,0,0,0,1,-1,143.528
0,0,0,0,0,0,0,0,0,1,1,1,5,5,4,0,0,0,0,0,0,4,0,0,0,0,0,0,0,0,0,1,-1,303.832
6,6,6,0,0,0,0,0,0,4,4,4,4,4,0,0,0,0,0,0,0,1,0,0,0,0,0,1,1,1,1,1,-1,395.168
6,6,6,0,0,0,0,0,0,4,4,4,6,6,2,0,0,0,0,0,0,0,0,0,0,0,0,0,0,0,0,1,-1,387.712
0,0,0,0,0,0,0,0,0,2,2,2,3,3,1,0,0,0,0,0,0,0,0,0,0,0,0,0,0,0,0,1,-1,96.928
0,0,0,0,0,0,0,0,0,2,2,2,4,4,2,4,4,4,2,2,2,1,0,0,0,0,0,2,2,2,2,1,-1,404.488
1,1,1,0,0,0,0,0,0,1,1,1,4,4,3,0,0,0,0,0,0,0,0,0,0,0,0,2,2,2,2,1,-1,175.216
0,0,0,0,0,0,0,0,0,5,5,5,7,7,2,0,0,0,0,0,0,0,0,0,0,0,0,0,0,0,0,1,-1,337.384
0,0,0,3,3,3,0,0,0,2,2,2,4,4,2,0,0,0,0,0,0,0,2,2,2,0,0,0,0,0,0,1,-1,169.624
0,0,0,0,0,0,0,0,0,3,3,3,5,5,2,0,0,0,0,0,0,0,0,0,0,0,0,0,0,0,0,1,-1,307.56
1,1,1,0,0,0,0,0,0,1,1,1,4,4,3,0,0,0,0,0,0,0,0,0,0,0,0,2,2,2,2,1,-1,219.952
9,9,9,0,0,0,0,0,0,0,0,0,2,2,2,0,0,0,0,0,0,0,1,1,1,0,0,0,0,0,0,1,-1,328.064
0,0,0,0,0,0,0,0,0,6,6,6,6,6,0,2,2,2,0,0,0,0,0,0,0,0,0,0,0,0,0,1,-1,180.808
9,9,9,0,0,0,0,0,0,0,0,0,4,4,4,0,0,0,0,0,0,0,0,0,0,0,0,0,0,0,0,1,-1,216.224
1,1,1,0,0,0,0,0,0,3,3,3,6,6,3,2,2,2,0,0,0,0,0,0,0,0,0,2,2,2,2,1,-1,236.728
9,9,9,0,0,0,0,0,0,0,0,0,0,0,0,0,0,0,0,0,0,0,0,0,0,0,0,0,0,0,0,1,-1,96.928
0,0,0,0,0,0,0,0,0,2,2,2,2,2,0,2,2,2,0,0,0,0,0,0,0,0,0,0,0,0,0,1,-1,85.744
0,0,0,0,0,0,0,0,0,1,1,1,5,5,4,0,0,0,0,0,0,0,0,0,0,0,0,0,0,0,0,1,-1,147.256
5,5,5,0,0,0,0,0,0,1,1,1,5,5,4,0,0,0,0,0,0,0,0,0,0,0,0,0,0,0,0,1,-1,197.584
9,9,9,0,0,0,0,0,0,2,2,2,2,2,0,2,2,2,0,0,0,0,0,0,0,0,0,0,0,0,0,1,-1,186.4
9,9,9,0,0,0,0,0,0,1,1,1,5,5,4,0,0,0,0,0,0,0,0,0,0,0,0,0,0,0,0,1,-1,212.496
6,6,6,0,0,0,0,0,0,0,0,0,0,0,0,0,0,0,0,0,0,0,0,0,0,0,0,0,0,0,0,1,-1,61.512
0,0,0,0,0,0,0,0,0,1,1,1,9,9,8,0,0,0,0,0,0,0,0,0,0,0,0,0,0,0,0,1,-1,259.096
6,6,6,0,0,0,0,0,0,0,0,0,0,0,0,0,0,0,0,0,0,0,0,0,0,0,0,0,0,0,0,1,-1,61.512
9,9,9,0,0,0,0,0,0,0,0,0,0,0,0,0,0,0,0,0,0,0,0,0,0,0,0,0,0,0,0,1,-1,104.384
9,9,9,0,0,0,0,0,0,0,0,0,0,0,0,0,0,0,0,0,0,0,0,0,0,0,0,0,0,0,0,1,-1,68.968
0,0,0,0,0,0,0,0,0,3,3,3,7,7,4,2,2,2,0,0,0,0,0,0,0,0,0,0,0,0,0,1,-1,164.032
0,0,0,0,0,0,0,0,0,2,2,2,2,2,0,2,2,2,0,0,0,0,0,0,0,0,0,0,0,0,0,1,-1,82.016
0,0,0,0,0,0,0,0,0,4,4,4,4,4,0,0,0,0,0,0,0,0,0,0,0,0,0,0,0,0,0,1,-1,91.336
6,6,6,1,1,1,0,0,0,1,1,1,4,4,3,0,0,0,0,0,0,0,4,4,4,0,0,0,0,0,0,1,-1,266.552
0,0,0,0,0,0,0,0,0,1,1,1,1,1,0,0,0,0,2,2,2,4,0,0,0,0,0,0,0,0,0,1,-1,225.544
0,0,0,0,0,0,0,0,0,7,7,7,7,7,0,2,2,2,0,0,0,0,0,0,0,0,0,0,0,0,0,1,-1,214.36
0,0,0,0,0,0,0,0,0,5,5,5,5,5,0,0,0,0,0,0,0,0,0,0,0,0,0,0,0,0,0,1,-1,186.4
10,10,10,0,0,0,0,0,0,1,1,1,4,4,3,0,0,0,0,0,0,0,0,0,0,0,0,2,2,2,2,1,-1,246.048
13,13,13,0,0,0,0,0,0,2,2,2,2,2,0,0,0,0,0,0,0,0,0,0,0,0,0,0,0,0,0,1,-1,201.312
13,13,13,0,0,0,0,0,0,0,0,0,0,0,0,2,2,2,2,2,2,2,0,0,0,1,1,3,3,2,2,1,-1,227.408
6,6,6,0,0,0,0,0,0,5,5,5,5,5,0,0,0,0,0,0,0,0,0,0,0,0,0,0,0,0,0,1,-1,169.624
0,0,0,0,0,0,0,0,0,1,1,1,1,1,0,0,0,0,0,0,0,0,6,6,6,0,0,0,0,0,0,1,-1,149.12
0,0,0,0,0,0,0,0,0,0,0,0,4,4,4,0,0,0,0,0,0,0,0,0,0,0,0,0,0,0,0,1,-1,85.744
0,0,0,3,3,3,0,0,0,1,1,1,7,7,6,0,0,0,0,0,0,0,0,0,0,0,0,0,0,0,0,1,-1,180.808
6,6,6,0,0,0,0,0,0,0,0,0,7,7,7,0,0,0,0,0,0,0,0,0,0,0,0,0,0,0,0,1,-1,169.624
0,0,0,0,0,0,0,0,0,4,4,4,8,8,4,0,0,0,0,0,0,0,0,0,0,0,0,0,0,0,0,1,-1,180.808
9,9,9,2,2,2,0,0,0,0,0,0,4,4,4,0,0,0,0,0,0,0,0,0,0,0,0,0,0,0,0,1,-1,206.904
9,9,9,0,0,0,0,0,0,0,0,0,0,0,0,0,0,0,0,0,0,0,0,0,0,0,0,0,0,0,0,1,-1,98.792
0,0,0,0,0,0,0,0,0,3,3,3,7,7,4,0,0,0,0,0,0,0,0,0,0,0,0,0,0,0,0,1,-1,186.4
0,0,0,0,0,0,0,0,0,2,2,2,4,4,2,0,0,0,0,0,0,0,0,0,0,0,0,0,0,0,0,1,-1,67.104
0,0,0,0,0,0,0,0,0,0,0,0,9,9,9,0,0,0,0,0,0,0,0,0,0,0,0,0,0,0,0,1,-1,150.984
9,9,9,0,0,0,0,0,0,1,1,1,5,5,4,0,0,0,0,0,0,0,0,0,0,0,0,0,0,0,0,1,-1,158.44
0,0,0,0,0,0,0,0,0,0,0,0,9,9,9,0,0,0,0,0,0,0,5,5,5,0,0,0,0,0,0,1,-1,279.6
0,0,0,0,0,0,0,0,0,2,2,2,2,2,0,0,0,0,0,0,0,0,0,0,0,0,0,0,0,0,0,1,-1,44.736
